"date","mean","median","Shortname","lower_80","lower_95","upper_80","upper_95","value","diff","color"
2020-01-01,202.010353199838,196.561316677,"Scarlet fever",144.587243206601,120.298049897021,265.327134268665,347.455553670462,157,39.5613166769996,"Decrease"
2020-02-01,276.864766215971,261.051625286576,"Scarlet fever",174.819036002328,133.077408426632,402.380880392126,488.500589593914,231,30.0516252865759,"Decrease"
2020-03-01,273.405116389152,251.77000790255,"Scarlet fever",156.35766905626,116.91274327664,421.607863187254,542.477950189744,149,102.77000790255,"Decrease"
2020-04-01,178.050019043816,163.687868712237,"Scarlet fever",94.4058863065579,65.9358089340304,280.234850849431,380.524802715119,28,135.687868712237,"Decrease"
2020-05-01,195.990362105896,171.47859474805,"Scarlet fever",101.222652164983,68.6397347517936,316.246962273166,457.38731898303,37,134.47859474805,"Decrease"
2020-06-01,298.356515321328,261.425600440344,"Scarlet fever",141.642355214009,102.087493704523,493.071545510096,727.69708445019,69,192.425600440344,"Decrease"
2020-07-01,262.723206807992,230.004402584185,"Scarlet fever",119.790679163851,79.6353622918219,457.849332265814,652.41881608367,101,129.004402584185,"Decrease"
2020-08-01,277.664675361032,235.526404339351,"Scarlet fever",115.797255950689,78.1705280201732,492.504390817931,775.123189845205,106,129.526404339351,"Decrease"
2020-09-01,224.689377064973,182.894618842029,"Scarlet fever",88.8563868961215,63.355123890607,418.721560374028,605.057079588947,74,108.894618842029,"Decrease"
2020-10-01,180.415794694172,146.179036810584,"Scarlet fever",64.023396307083,42.5143406241052,328.865787147488,529.224990595446,68,78.1790368105841,"Decrease"
2020-11-01,157.550717441051,128.663100590508,"Scarlet fever",58.0980076101412,37.5202441719465,298.119497406568,457.882950041506,77,51.6631005905082,"Decrease"
2020-12-01,153.135755712,121.812762221902,"Scarlet fever",54.11180257468,33.6714025271977,298.136583346735,447.379827977365,39,82.8127622219022,"Decrease"
2021-01-01,248.640171396442,191.565590931647,"Scarlet fever",80.7276287653757,50.4280800638713,498.804919530407,729.189824421245,27,164.565590931647,"Decrease"
2021-02-01,344.556400195722,257.430747605229,"Scarlet fever",102.392987352267,66.9423136886096,670.451704526085,1085.44171413483,44,213.430747605229,"Decrease"
2021-03-01,337.947498458969,247.514903195174,"Scarlet fever",98.3161075166788,58.8111021566377,682.659849679015,1115.66706380635,51,196.514903195174,"Decrease"
2021-04-01,215.821119872589,157.054974747507,"Scarlet fever",61.1325207126826,39.5932428730335,425.813599146336,731.172594670633,19,138.054974747507,"Decrease"
2021-05-01,241.989093274333,174.936410991263,"Scarlet fever",64.3076091258262,37.5801447361284,498.632583672574,849.635717938438,29,145.936410991263,"Decrease"
2021-06-01,359.775855288646,255.12505976392,"Scarlet fever",92.0875308038667,52.1485710078508,755.662620459229,1170.1171808863,43,212.12505976392,"Decrease"
2021-07-01,326.23573155863,227.097650300981,"Scarlet fever",78.0221343466612,42.616237644159,697.782195074631,1142.00483348053,34,193.097650300981,"Decrease"
2021-08-01,349.743741518091,234.415029469138,"Scarlet fever",75.7941343560959,43.2066787451092,731.314154028507,1283.63373203891,30,204.415029469138,"Decrease"
2021-09-01,279.408966597081,183.605205004278,"Scarlet fever",59.0488649159184,34.1468456005361,581.366496353782,1086.73561617529,38,145.605205004278,"Decrease"
2021-10-01,224.660162890893,143.782674776122,"Scarlet fever",45.8465541568065,25.8739609629389,487.22818578853,897.232231172506,19,124.782674776122,"Decrease"
2021-11-01,201.096631453188,123.187497953676,"Scarlet fever",37.82587105053,20.4984669005105,415.682692899378,783.349236667077,25,98.1874979536761,"Decrease"
2021-12-01,197.030584905945,123.260977271838,"Scarlet fever",35.2719184696385,19.9399126470867,412.840087506252,797.435412292448,21,102.260977271838,"Decrease"
2022-01-01,312.371280118768,186.501198291416,"Scarlet fever",57.6053556281316,30.4057043760648,646.753573461317,1384.80839892889,31,155.501198291416,"Decrease"
2022-02-01,432.285958495106,264.108900509804,"Scarlet fever",70.2812904412123,40.5832976176626,915.957519423849,1925.46706413959,20,244.108900509804,"Decrease"
2022-03-01,425.48508553369,254.104673062038,"Scarlet fever",67.9623034898285,36.9143401348445,863.655649047859,2082.94138133989,28,226.104673062038,"Decrease"
2022-04-01,269.082428170829,154.6961343285,"Scarlet fever",44.4456441339978,22.1571379209661,579.297432417374,1267.72789995643,20,134.6961343285,"Decrease"
2022-05-01,302.230388847618,169.948324951164,"Scarlet fever",46.633832778161,21.0912091073814,606.787323830062,1403.65333505599,20,149.948324951164,"Decrease"
2022-06-01,455.889898707973,254.244410890193,"Scarlet fever",64.0613073594664,30.1683192810998,951.263870123038,2213.613724546,47,207.244410890193,"Decrease"
2022-07-01,413.127371794927,219.573823284651,"Scarlet fever",55.8754839522987,29.9429280663858,857.866746813849,2062.84943097274,80,139.573823284651,"Decrease"
2022-08-01,434.489823974662,232.841958148581,"Scarlet fever",58.6245167105178,27.3739526551383,865.685737474817,2272.56015951266,97,135.841958148581,"Decrease"
2022-09-01,346.030299993721,185.632945340894,"Scarlet fever",44.6439932256241,21.2391955633643,730.76007416549,1723.65254306024,66,119.632945340894,"Decrease"
2022-10-01,272.496844884504,141.848708339984,"Scarlet fever",34.0955042483869,15.5274904274793,585.774737582246,1307.59395049987,58,83.8487083399839,"Decrease"
2022-11-01,242.581530229983,122.610748132799,"Scarlet fever",28.3223509133474,13.7966702854802,533.493221728944,1104.58190424859,48,74.6107481327987,"Decrease"
2022-12-01,233.449971584088,121.141655057865,"Scarlet fever",28.3311824355627,12.8083837672866,508.752032430503,1047.38860080519,33,88.1416550578648,"Decrease"
2023-01-01,372.867307635613,186.17826816769,"Scarlet fever",44.5666413364577,18.9385132759789,802.217290181042,1560.39200165723,65,121.17826816769,"Decrease"
2023-02-01,517.956673734092,242.906390552373,"Scarlet fever",60.1690344006966,25.0018180452372,1181.59275020037,2552.03843063278,34,208.906390552373,"Decrease"
2023-03-01,501.6541783809,230.445013074512,"Scarlet fever",57.7402398548778,24.0971863767886,1091.25144691859,2264.78587473697,41,189.445013074512,"Decrease"
2023-04-01,321.511689327617,150.011211126791,"Scarlet fever",34.4727172873447,14.1472657686893,682.890335609373,1446.00421444554,28,122.011211126791,"Decrease"
2023-05-01,358.188926524072,163.453876612052,"Scarlet fever",36.8646287179532,15.6439894662062,720.999757355819,1766.66081384368,42,121.453876612052,"Decrease"
2023-06-01,529.785396942562,241.329665915784,"Scarlet fever",53.2229083676638,23.899631246543,1154.5045164198,2603.50902420292,47,194.329665915784,"Decrease"
2023-07-01,471.639104705633,212.0859216227,"Scarlet fever",48.8097426318369,17.6461793394733,1074.05055842388,2495.8749328278,72,140.0859216227,"Decrease"
2023-08-01,495.262981263878,220.082894540853,"Scarlet fever",42.7248852526964,19.4084285028952,1139.6386276251,2695.77818944921,100,120.082894540853,"Decrease"
2023-09-01,405.10716860147,171.138371882346,"Scarlet fever",36.0586629030843,14.6701136082545,886.029155908146,2197.14867852814,71,100.138371882346,"Decrease"
2023-10-01,324.683601452519,136.229472704986,"Scarlet fever",28.4501565571598,11.7744707789912,707.159872579415,1780.55490058196,52,84.2294727049859,"Decrease"
2023-11-01,277.909266455936,119.850396167324,"Scarlet fever",23.926295483167,10.7069836466144,619.159159576181,1529.35870848701,30,89.8503961673243,"Decrease"
2023-12-01,282.308064513758,116.328646662816,"Scarlet fever",21.3141128886786,8.62401525762755,587.988496358063,1690.50420995616,23,93.3286466628163,"Decrease"
2024-01-01,441.379727462537,178.327512567162,"Scarlet fever",34.4518904004234,14.3205710253283,1003.6708510741,2461.92345341176,0,178.327512567162,"Decrease"
2024-02-01,582.37388097175,237.702197497534,"Scarlet fever",47.2530016523416,16.8723611062644,1375.8614794938,3393.53973154357,5,232.702197497534,"Decrease"
2024-03-01,578.321104656389,235.410367736036,"Scarlet fever",43.4019683847281,14.6849071068191,1305.1371310222,3472.59664785673,1,234.410367736036,"Decrease"
2024-04-01,367.650224302493,147.634773720957,"Scarlet fever",27.0709991194368,9.72154410322215,860.925841666001,2132.0464687681,1,146.634773720957,"Decrease"
2024-05-01,414.512578082019,162.112429610606,"Scarlet fever",26.944109305554,10.2286331401185,986.802784285287,2531.73403882339,0,162.112429610606,"Decrease"
2024-06-01,626.415370944883,233.108827027891,"Scarlet fever",42.4791933089667,15.4389848777093,1542.5241550398,3402.13908408593,0,233.108827027891,"Decrease"
2024-07-01,562.231608310527,213.33034202159,"Scarlet fever",35.6527182267831,12.7205033883558,1334.76365984575,3378.6477861994,1,212.33034202159,"Decrease"
2024-08-01,597.75910782657,228.13666099618,"Scarlet fever",36.9708732458669,12.4303963141509,1479.34957787467,3483.77697317762,2,226.13666099618,"Decrease"
2024-09-01,498.112518105184,178.941887426533,"Scarlet fever",30.5465629942524,9.96688786502442,1191.26681217898,2871.91463226893,0,178.941887426533,"Decrease"
2024-10-01,399.652846710026,141.319929991495,"Scarlet fever",22.3440948988596,7.43785442382573,901.90175701597,2332.79091947144,4,137.319929991495,"Decrease"
2024-11-01,356.164773080784,123.151869532399,"Scarlet fever",19.6918361976279,6.28593157942959,836.912036895841,2301.74140059373,5,118.151869532399,"Decrease"
2024-12-01,344.556937399697,120.093708663511,"Scarlet fever",18.2077129864592,6.38776406393911,863.966608194588,2180.45813654965,15,105.093708663511,"Decrease"
2025-01-01,565.019721254231,178.983806369504,"Scarlet fever",28.4992112710832,8.29080863607278,1327.55586379521,3579.93558211873,149,29.9838063695042,"Decrease"
2025-02-01,758.393067328089,247.975969665214,"Scarlet fever",35.5232632094611,13.1030066468206,1859.0594953589,4947.21280565465,887,-639.024030334786,"Increase"
2025-03-01,778.538712214725,231.71617693214,"Scarlet fever",35.2006013978629,11.3678621511394,1762.78808289886,4559.11533152685,1857,-1625.28382306786,"Increase"
2025-04-01,503.107912821607,147.778589782931,"Scarlet fever",19.6212334789247,6.47519196887064,1106.55459707428,2778.97623456035,480,-332.221410217069,"Increase"
2025-05-01,543.175915835089,158.142711151456,"Scarlet fever",19.8805470933633,7.69855581629388,1261.32645335144,3378.32182412207,308,-149.857288848544,"Increase"
2025-06-01,798.444464785048,236.576319901535,"Scarlet fever",32.6134795671108,11.1455452154632,1847.88108230235,4978.69270004075,525,-288.423680098465,"Increase"
2025-07-01,705.839079479352,211.456110491794,"Scarlet fever",28.6024255488002,9.53794000353824,1605.49063607702,4605.90822404342,744,-532.543889508206,"Increase"
2025-08-01,765.653087621387,228.206726839849,"Scarlet fever",28.6220233411835,8.734085591873,1683.5040262184,4630.06575297078,828,-599.793273160151,"Increase"
2025-09-01,608.201258017295,174.628232521021,"Scarlet fever",23.0567684996791,6.85394571642629,1399.23691470487,3703.93357756867,822,-647.371767478979,"Increase"
2025-10-01,493.031012248914,136.623554538416,"Scarlet fever",17.848563483711,5.70748999190709,1115.84497185892,2876.50048625378,433,-296.376445461584,"Increase"
2025-11-01,442.748953691465,118.705038314504,"Scarlet fever",14.8297465823671,5.15568346038661,910.962624530235,2475.49989965646,359,-240.294961685496,"Increase"
2025-12-01,418.924910997969,117.708687264499,"Scarlet fever",15.3530456456711,4.63893856037413,882.841370387033,2619.28004068019,164,-46.2913127355012,"Increase"
