Shortname,Group,BestModel,split,split_label,start_date,end_date,PlaceboStatus,PlaceboStatusLabel,TemperedStatus,TemperedStatusLabel,FalseAlert,FalseAlertTempered,FalseSuppressed,Coverage80,Coverage95,MeanIntervalScore80,MeanIntervalScore95,MeanWIS,MeanPIT,PIT_KS_p,MeanWidth95,MonthsEvaluated
HCV,Sexually IDs,ARIMA + Fourier,2019,Pseudo interruption 2019,2019-01-01,2019-12-01,No Deficit,No deficit,No Deficit,No deficit,FALSE,FALSE,FALSE,0.8333333333333334,0.9166666666666666,52.07288848764674,72.8793262211492,19.27672899210196,0.56225,0.5470617808995633,55.0881694501584,12
HCV,Sexually IDs,ARIMA + Fourier,2018-2019,Pseudo interruption 2018,2018-01-01,2019-12-01,No Deficit,No deficit,No Deficit,No deficit,FALSE,FALSE,FALSE,0.8333333333333334,1,50.873412443891404,59.442296190207095,19.332122213166908,0.6849999999999999,5.761946286505504e-4,59.442296190207095,24
HCV,Sexually IDs,ARIMA + Fourier,2017-2019,Pseudo interruption 2017,2017-01-01,2019-12-01,No Deficit,No deficit,No Deficit,No deficit,FALSE,FALSE,FALSE,0.9444444444444444,0.9722222222222222,50.24853195172096,76.61381474191413,22.13346645582444,0.6725,3.294926155550382e-5,75.31781405170693,36
Chancroid,Sexually IDs,ARIMA + Fourier,2019,Pseudo interruption 2019,2019-01-01,2019-12-01,Suppressed,Suppressed,No Deficit,No deficit,TRUE,FALSE,TRUE,0.9166666666666666,0.9166666666666666,41.059453491240774,59.67413661300493,16.64506996400146,0.30325,0.03681623537068335,53.63197964299104,12
Chancroid,Sexually IDs,ARIMA + Fourier,2018-2019,Pseudo interruption 2018,2018-01-01,2019-12-01,No Deficit,No deficit,No Deficit,No deficit,FALSE,FALSE,FALSE,0.7916666666666666,0.9583333333333334,46.51319382557181,68.25529996394384,17.322750770772053,0.5639583333333333,0.3818597082762919,50.35986673538943,24
Chancroid,Sexually IDs,ARIMA + Fourier,2017-2019,Pseudo interruption 2017,2017-01-01,2019-12-01,No Deficit,No deficit,No Deficit,No deficit,FALSE,FALSE,FALSE,0.4444444444444444,0.8333333333333334,84.19908011487593,105.4723275106947,30.162548576589067,0.8412222222222222,1.432676199897287e-11,45.07061020683075,36
Genital herpes,Sexually IDs,Hybrid,2019,Pseudo interruption 2019,2019-01-01,2019-12-01,Suppressed,Suppressed,Suppressed,Suppressed,TRUE,TRUE,TRUE,0.5833333333333334,1,63.18968356061955,86.7101361645308,28.50972592408149,0.346,0.030315527207322668,86.7101361645308,12
Genital herpes,Sexually IDs,Hybrid,2018-2019,Pseudo interruption 2018,2018-01-01,2019-12-01,No Deficit,No deficit,No Deficit,No deficit,FALSE,FALSE,FALSE,0.5833333333333334,0.9166666666666666,97.12753125066574,107.68780240158006,36.88105821762322,0.7029166666666666,0.004017154363760156,73.29771711083103,24
Genital herpes,Sexually IDs,Hybrid,2017-2019,Pseudo interruption 2017,2017-01-01,2019-12-01,Recovered,Recovered but not balanced,Recovered,Recovered but not balanced,TRUE,TRUE,FALSE,0.6944444444444444,0.9444444444444444,67.69023061891345,90.05977986890542,28.192676697976406,0.4488888888888889,0.2539246561975559,80.58818362069574,36
CA (HPV),Sexually IDs,Bayesian structural,2019,Pseudo interruption 2019,2019-01-01,2019-12-01,Suppressed,Suppressed,No Deficit,No deficit,TRUE,FALSE,TRUE,0.9166666666666666,1,121.08995615059233,177.19527660421278,49.156771302470176,0.40825,0.4635878494231299,177.19527660421278,12
CA (HPV),Sexually IDs,Bayesian structural,2018-2019,Pseudo interruption 2018,2018-01-01,2019-12-01,Debt Repaid,Balanced,No Deficit,No deficit,TRUE,FALSE,FALSE,1,1,187.7812060304563,312.09458436108537,60.91210546467142,0.548125,0.010850997014515196,312.09458436108537,24
CA (HPV),Sexually IDs,Bayesian structural,2017-2019,Pseudo interruption 2017,2017-01-01,2019-12-01,Suppressed,Suppressed,Suppressed,Suppressed,TRUE,TRUE,TRUE,0.6111111111111112,0.9722222222222222,253.69616758567048,312.66366252582736,115.66039740632624,0.2451111111111111,2.0773666120632583e-9,285.19783877932724,36
HBV,Sexually IDs,ETS,2019,Pseudo interruption 2019,2019-01-01,2019-12-01,Suppressed,Suppressed,Suppressed,Suppressed,TRUE,TRUE,TRUE,0,0.16666666666666666,308.80859969090426,1176.122953924969,122.54447661315795,0.24716666666666667,1.233303874959013e-5,7.6409263357048145,12
HBV,Sexually IDs,ETS,2018-2019,Pseudo interruption 2018,2018-01-01,2019-12-01,Debt Repaid,Balanced,No Deficit,No deficit,TRUE,FALSE,FALSE,0.8333333333333334,0.875,163.71115574045731,245.47064161119943,64.14035084770362,0.5330416666666666,0.6834170265318028,160.5355896056635,24
HBV,Sexually IDs,ETS,2017-2019,Pseudo interruption 2017,2017-01-01,2019-12-01,No Deficit,No deficit,No Deficit,No deficit,FALSE,FALSE,FALSE,0.4444444444444444,0.7777777777777778,277.7945653396028,447.99498163565227,105.72069243121798,0.7909722222222222,2.4202596593525527e-7,150.38602498109015,36
Syphilis,Sexually IDs,Bayesian structural,2019,Pseudo interruption 2019,2019-01-01,2019-12-01,No Deficit,No deficit,No Deficit,No deficit,FALSE,FALSE,FALSE,0.9166666666666666,1,456.6449825341448,689.7906816394376,144.88824615475275,0.6221666666666666,0.013314187015788015,689.7906816394376,12
Syphilis,Sexually IDs,Bayesian structural,2018-2019,Pseudo interruption 2018,2018-01-01,2019-12-01,No Deficit,No deficit,No Deficit,No deficit,FALSE,FALSE,FALSE,0.875,0.9583333333333334,809.40897781486035,1226.9336253002748,281.26204590160984,0.6915833333333333,7.584015673245403e-7,1192.497050993516,24
Syphilis,Sexually IDs,Bayesian structural,2017-2019,Pseudo interruption 2017,2017-01-01,2019-12-01,No Deficit,No deficit,No Deficit,No deficit,FALSE,FALSE,FALSE,0.8611111111111112,0.9722222222222222,700.8854728357045,1001.2930238148355,361.9994371111128,0.8256388888888889,3.1086244689504383e-15,977.6984243588759,36
Gonorrhoea,Sexually IDs,TBATS,2019,Pseudo interruption 2019,2019-01-01,2019-12-01,Suppressed,Suppressed,Suppressed,Suppressed,TRUE,TRUE,TRUE,0.75,0.8333333333333334,303.5216126028719,514.7562749854185,120.89430119193683,0.27416666666666667,0.013213136241106427,292.22976933880034,12
Gonorrhoea,Sexually IDs,TBATS,2018-2019,Pseudo interruption 2018,2018-01-01,2019-12-01,Recovered,Recovered but not balanced,Recovered,Recovered but not balanced,TRUE,TRUE,FALSE,0.8333333333333334,0.9583333333333334,266.253752438934,350.5331940636337,98.40638350238684,0.373625,0.03379372933834068,349.19045114342464,24
Gonorrhoea,Sexually IDs,TBATS,2017-2019,Pseudo interruption 2017,2017-01-01,2019-12-01,Recovered,Recovered but not balanced,No Deficit,No deficit,TRUE,FALSE,FALSE,0.9722222222222222,1,276.36816553218637,425.6692238151712,101.3235337701385,0.47591666666666665,0.12190900644241787,425.6692238151712,36
HAV,Gastrointestinal IDs,Hybrid,2019,Pseudo interruption 2019,2019-01-01,2019-12-01,No Deficit,No deficit,No Deficit,No deficit,FALSE,FALSE,FALSE,1,1,26.387317244391365,88.21508996040102,10.391641791494079,0.5888333333333333,0.0118357186471435,88.21508996040102,12
HAV,Gastrointestinal IDs,Hybrid,2018-2019,Pseudo interruption 2018,2018-01-01,2019-12-01,Debt Repaid,Balanced,No Deficit,No deficit,TRUE,FALSE,FALSE,0.9166666666666666,1,28.024183467125777,80.0243574095003,13.219161682397505,0.652,0.00611143189040797,80.0243574095003,24
HAV,Gastrointestinal IDs,Hybrid,2017-2019,Pseudo interruption 2017,2017-01-01,2019-12-01,No Deficit,No deficit,No Deficit,No deficit,FALSE,FALSE,FALSE,0.7222222222222222,0.8888888888888888,82.41901149233225,229.65397210044478,32.74085608457777,0.6181666666666666,0.032707881096620706,61.271356878496846,36
Typhoid,Gastrointestinal IDs,Hybrid,2019,Pseudo interruption 2019,2019-01-01,2019-12-01,Suppressed,Suppressed,No Deficit,No deficit,TRUE,FALSE,TRUE,0.9166666666666666,1,63.27928044445469,91.03490913246742,21.435528510947293,0.42083333333333334,0.05486954628190377,91.03490913246742,12
Typhoid,Gastrointestinal IDs,Hybrid,2018-2019,Pseudo interruption 2018,2018-01-01,2019-12-01,No Deficit,No deficit,No Deficit,No deficit,FALSE,FALSE,FALSE,0.7916666666666666,1,64.16446138544528,96.11187241741872,26.401799740373164,0.6640416666666666,0.0037523005039383772,96.11187241741872,24
Typhoid,Gastrointestinal IDs,Hybrid,2017-2019,Pseudo interruption 2017,2017-01-01,2019-12-01,Suppressed,Suppressed,Suppressed,Suppressed,TRUE,TRUE,TRUE,0.3611111111111111,0.8888888888888888,156.8250240063305,168.82127975777811,62.18819575033799,0.09483333333333333,0,118.61003696145143,36
Shigellosis,Gastrointestinal IDs,Bayesian structural,2019,Pseudo interruption 2019,2019-01-01,2019-12-01,Suppressed,Suppressed,Suppressed,Suppressed,TRUE,TRUE,TRUE,0.75,0.9166666666666666,156.61230291573926,241.4079442976928,57.9116084732828,0.25658333333333333,0.003245632073620719,172.25613727297755,12
Shigellosis,Gastrointestinal IDs,Bayesian structural,2018-2019,Pseudo interruption 2018,2018-01-01,2019-12-01,Suppressed,Suppressed,No Deficit,No deficit,TRUE,FALSE,TRUE,0.9583333333333334,1,210.06290148041327,330.33829603152367,72.72764828434516,0.3735,2.2096325156706342e-4,330.33829603152367,24
Shigellosis,Gastrointestinal IDs,Bayesian structural,2017-2019,Pseudo interruption 2017,2017-01-01,2019-12-01,Suppressed,Suppressed,Suppressed,Suppressed,TRUE,TRUE,TRUE,0.5555555555555556,0.9166666666666666,441.84344503838895,586.8943340898817,198.5513854491239,0.11380555555555556,0,545.0890462894384,36
Amebiasis,Gastrointestinal IDs,TBATS,2019,Pseudo interruption 2019,2019-01-01,2019-12-01,Suppressed,Suppressed,Suppressed,Suppressed,TRUE,TRUE,TRUE,0.75,0.9166666666666666,155.84158607930686,219.65904215184295,67.30466307561679,0.14416666666666667,1.178002846713433e-6,177.1557804378675,12
Amebiasis,Gastrointestinal IDs,TBATS,2018-2019,Pseudo interruption 2018,2018-01-01,2019-12-01,Suppressed,Suppressed,Suppressed,Suppressed,TRUE,TRUE,TRUE,0.7916666666666666,0.9583333333333334,130.5268920518289,179.0464109264879,56.44608908469666,0.2527916666666667,3.813719153500372e-5,168.2818915889027,24
Amebiasis,Gastrointestinal IDs,TBATS,2017-2019,Pseudo interruption 2017,2017-01-01,2019-12-01,Suppressed,Suppressed,Suppressed,Suppressed,TRUE,TRUE,TRUE,0.4722222222222222,0.9444444444444444,249.10023307562128,253.43119491040719,99.37344216078354,0.18405555555555556,1.4720086927155762e-8,220.8233510449401,36
HFMD,Gastrointestinal IDs,Hybrid,2019,Pseudo interruption 2019,2019-01-01,2019-12-01,Debt Repaid,Balanced,Debt Repaid,Balanced,TRUE,TRUE,FALSE,0.16666666666666666,0.5833333333333334,6667.671274151171,10513.816553570035,2596.3551655027554,0.28258333333333335,2.6877689758275647e-4,5054.760760268333,12
HFMD,Gastrointestinal IDs,Hybrid,2018-2019,Pseudo interruption 2018,2018-01-01,2019-12-01,Debt Repaid,Balanced,Debt Repaid,Balanced,TRUE,TRUE,FALSE,0.4166666666666667,0.875,7224.308259443507,7486.25142232023,2613.926956168123,0.5409583333333333,0.05638587678465434,4724.813858818444,24
HFMD,Gastrointestinal IDs,Hybrid,2017-2019,Pseudo interruption 2017,2017-01-01,2019-12-01,No Deficit,No deficit,No Deficit,No deficit,FALSE,FALSE,FALSE,0.5,0.8611111111111112,8555.01591254888,8294.891039647486,2921.0710202174487,0.5613611111111111,0.004612822887301693,4879.255078594754,36
S. suis,Vector-borne and zoonotic IDs,ETS,2019,Pseudo interruption 2019,2019-01-01,2019-12-01,Debt Repaid,Balanced,Debt Repaid,Balanced,TRUE,TRUE,FALSE,0.4166666666666667,0.5833333333333334,41.711961577228834,141.8239993081208,16.462446776537924,0.5174166666666666,0.39022442380240574,5.370321020274224,12
S. suis,Vector-borne and zoonotic IDs,ETS,2018-2019,Pseudo interruption 2018,2018-01-01,2019-12-01,Debt Repaid,Balanced,Debt Repaid,Balanced,TRUE,TRUE,FALSE,0.16666666666666666,0.375,43.8799303088892,141.3707947615409,17.19101531008176,0.6140416666666667,3.6248112543912914e-4,5.140588366605412,24
S. suis,Vector-borne and zoonotic IDs,ETS,2017-2019,Pseudo interruption 2017,2017-01-01,2019-12-01,No Deficit,No deficit,No Deficit,No deficit,FALSE,FALSE,FALSE,0.16666666666666666,0.3333333333333333,44.67728606827365,151.77805107896035,17.86268566713283,0.6395555555555555,1.6702933602896763e-7,4.792877843458854,36
Melioidosis,Vector-borne and zoonotic IDs,Hybrid,2019,Pseudo interruption 2019,2019-01-01,2019-12-01,No Deficit,No deficit,No Deficit,No deficit,FALSE,FALSE,FALSE,0.9166666666666666,1,88.6437992479087,124.6512156218978,47.224110887374295,0.8133333333333334,4.211088408911934e-5,124.6512156218978,12
Melioidosis,Vector-borne and zoonotic IDs,Hybrid,2018-2019,Pseudo interruption 2018,2018-01-01,2019-12-01,No Deficit,No deficit,No Deficit,No deficit,FALSE,FALSE,FALSE,0.9166666666666666,1,95.07370876516865,129.2736261862243,37.731650508250624,0.61325,0.06135501411454436,129.2736261862243,24
Melioidosis,Vector-borne and zoonotic IDs,Hybrid,2017-2019,Pseudo interruption 2017,2017-01-01,2019-12-01,Recovered,Recovered but not balanced,Recovered,Recovered but not balanced,TRUE,TRUE,FALSE,0.5833333333333334,0.8055555555555556,213.61341285947793,351.8706715836395,81.08142777373256,0.40975,0.07073100346284333,144.9034653266977,36
Leptospirosis,Vector-borne and zoonotic IDs,ARIMA + Fourier,2019,Pseudo interruption 2019,2019-01-01,2019-12-01,Recovered,Recovered but not balanced,Recovered,Recovered but not balanced,TRUE,TRUE,FALSE,0.75,0.9166666666666666,248.1726324477957,313.2374777690458,98.95266390668428,0.3665833333333333,0.150194272655364,290.14813074290225,12
Leptospirosis,Vector-borne and zoonotic IDs,ARIMA + Fourier,2018-2019,Pseudo interruption 2018,2018-01-01,2019-12-01,Suppressed,Suppressed,Suppressed,Suppressed,TRUE,TRUE,TRUE,0.6666666666666666,0.9166666666666666,433.44114887985353,502.0796640995489,169.19654581633557,0.21454166666666666,2.2084574025083015e-7,419.43614790057336,24
Leptospirosis,Vector-borne and zoonotic IDs,ARIMA + Fourier,2017-2019,Pseudo interruption 2017,2017-01-01,2019-12-01,No Deficit,No deficit,No Deficit,No deficit,FALSE,FALSE,FALSE,0.9722222222222222,0.9722222222222222,555.9823721527666,819.2516835006912,167.90829184439514,0.5394166666666667,0.0020470073615066475,801.9228796520015,36
Scrub Typhus,Vector-borne and zoonotic IDs,ETS,2019,Pseudo interruption 2019,2019-01-01,2019-12-01,Suppressed,Suppressed,Suppressed,Suppressed,TRUE,TRUE,TRUE,0,0,786.6909689675037,3016.000109680388,312.64205859318673,0.33258333333333334,4.6618202285908517e-5,15.873273849055858,12
Scrub Typhus,Vector-borne and zoonotic IDs,ETS,2018-2019,Pseudo interruption 2018,2018-01-01,2019-12-01,No Deficit,No deficit,No Deficit,No deficit,FALSE,FALSE,FALSE,0.041666666666666664,0.08333333333333333,976.4429377034734,3757.213841882337,387.38579651775746,0.66025,1.4388266023068752e-8,15.578008355821531,24
Scrub Typhus,Vector-borne and zoonotic IDs,ETS,2017-2019,Pseudo interruption 2017,2017-01-01,2019-12-01,Debt Repaid,Balanced,Debt Repaid,Balanced,TRUE,TRUE,FALSE,0.08333333333333333,0.1388888888888889,796.329708669996,3053.588274085344,316.1470157492283,0.5533333333333333,3.241417815269543e-7,15.795906788165778,36
Malaria,Vector-borne and zoonotic IDs,Hybrid,2019,Pseudo interruption 2019,2019-01-01,2019-12-01,No Deficit,No deficit,No Deficit,No deficit,FALSE,FALSE,FALSE,0.9166666666666666,1,174.71236400653643,251.05242283198717,81.63014683134426,0.7371666666666666,5.726761061950469e-4,251.05242283198717,12
Malaria,Vector-borne and zoonotic IDs,Hybrid,2018-2019,Pseudo interruption 2018,2018-01-01,2019-12-01,Debt Repaid,Balanced,No Deficit,No deficit,TRUE,FALSE,FALSE,1,1,196.3031072559202,309.38501277351867,67.1372836766196,0.54575,0.01159522706944427,309.38501277351867,24
Malaria,Vector-borne and zoonotic IDs,Hybrid,2017-2019,Pseudo interruption 2017,2017-01-01,2019-12-01,Suppressed,Suppressed,Suppressed,Suppressed,TRUE,TRUE,TRUE,0.6111111111111112,0.8611111111111112,395.37753060545145,561.967752819369,180.1817304404552,0.14405555555555555,2.1316282072803006e-14,420.90569263734835,36
Dengue fever,Vector-borne and zoonotic IDs,TBATS,2019,Pseudo interruption 2019,2019-01-01,2019-12-01,No Deficit,No deficit,No Deficit,No deficit,FALSE,FALSE,FALSE,0.9166666666666666,1,15521.360136847772,26463.341084805877,5197.66513173456,0.6480833333333333,0.012704231226340457,26463.341084805877,12
Dengue fever,Vector-borne and zoonotic IDs,TBATS,2018-2019,Pseudo interruption 2018,2018-01-01,2019-12-01,Debt Repaid,Balanced,No Deficit,No deficit,TRUE,FALSE,FALSE,1,1,9342.535075578116,15720.63783080321,4053.4752558093905,0.585875,0.1585925872968389,15720.63783080321,24
Dengue fever,Vector-borne and zoonotic IDs,TBATS,2017-2019,Pseudo interruption 2017,2017-01-01,2019-12-01,Debt Repaid,Balanced,No Deficit,No deficit,TRUE,FALSE,FALSE,1,1,22202.751612880744,52730.61121548386,7944.315007219946,0.4706111111111111,0.0043141246830388225,52730.61121548386,36
Rubella,Respiratory IDs,ETS,2019,Pseudo interruption 2019,2019-01-01,2019-12-01,Debt Repaid,Balanced,Debt Repaid,Balanced,TRUE,TRUE,FALSE,0.08333333333333333,0.08333333333333333,81.740058766615,261.2725417459938,31.730514571765408,0.4439166666666667,0.005857520753278944,8.479475923794869,12
Rubella,Respiratory IDs,ETS,2018-2019,Pseudo interruption 2018,2018-01-01,2019-12-01,Debt Repaid,Balanced,Debt Repaid,Balanced,TRUE,TRUE,FALSE,0,0.041666666666666664,92.07340895240092,318.23379341649377,36.18563090523394,0.7118333333333333,2.485159855680763e-10,6.315754784839576,24
Rubella,Respiratory IDs,ETS,2017-2019,Pseudo interruption 2017,2017-01-01,2019-12-01,Debt Repaid,Balanced,Debt Repaid,Balanced,TRUE,TRUE,FALSE,0.1111111111111111,0.2222222222222222,73.56522958119179,250.52160715778706,29.04454854560202,0.5703055555555555,5.40113835867384e-6,6.492950901399449,36
Scarlet fever,Respiratory IDs,TBATS,2019,Pseudo interruption 2019,2019-01-01,2019-12-01,Suppressed,Suppressed,No Deficit,No deficit,TRUE,FALSE,TRUE,0.9166666666666666,1,311.7108121870449,518.2586322465199,109.73108839720854,0.34858333333333336,0.025191527370299727,518.2586322465199,12
Scarlet fever,Respiratory IDs,TBATS,2018-2019,Pseudo interruption 2018,2018-01-01,2019-12-01,No Deficit,No deficit,No Deficit,No deficit,FALSE,FALSE,FALSE,0.875,1,457.28333206136006,743.7577600375604,143.62214637820725,0.5458333333333333,0.07879257108399029,743.7577600375604,24
Scarlet fever,Respiratory IDs,TBATS,2017-2019,Pseudo interruption 2017,2017-01-01,2019-12-01,No Deficit,No deficit,No Deficit,No deficit,FALSE,FALSE,FALSE,0.8611111111111112,0.9444444444444444,437.526135797219,783.4580410135073,170.3445841587108,0.7136666666666667,6.971431677493811e-7,632.7302249134513,36
Mumps,Respiratory IDs,ETS,2019,Pseudo interruption 2019,2019-01-01,2019-12-01,Debt Repaid,Balanced,Debt Repaid,Balanced,TRUE,TRUE,FALSE,0,0.16666666666666666,324.0074815436087,1236.7948377552602,128.62536075019503,0.8259166666666666,1.006749749454805e-6,6.223785316698404,12
Mumps,Respiratory IDs,ETS,2018-2019,Pseudo interruption 2018,2018-01-01,2019-12-01,Recovered,Recovered but not balanced,Recovered,Recovered but not balanced,TRUE,TRUE,FALSE,0,0.125,314.7852837052704,1215.8666852789288,125.72262651762263,0.24845833333333334,6.946587749467881e-11,6.884237191178086,24
Mumps,Respiratory IDs,ETS,2017-2019,Pseudo interruption 2017,2017-01-01,2019-12-01,Recovered,Recovered but not balanced,Recovered,Recovered but not balanced,TRUE,TRUE,FALSE,0.05555555555555555,0.08333333333333333,361.90927710584987,1407.449876745263,144.5355112872842,0.19777777777777777,0,6.424982763072727,36
Chickenpox,Respiratory IDs,SARIMA,2019,Pseudo interruption 2019,2019-01-01,2019-12-01,Suppressed,Suppressed,Suppressed,Suppressed,TRUE,TRUE,TRUE,0.6666666666666666,0.75,8414.91895158804,12117.477731372954,2918.660815712971,0.28883333333333333,0.0031587507312366148,6042.728823953872,12
Chickenpox,Respiratory IDs,SARIMA,2018-2019,Pseudo interruption 2018,2018-01-01,2019-12-01,Recovered,Recovered but not balanced,Recovered,Recovered but not balanced,TRUE,TRUE,FALSE,0.875,0.9583333333333334,4938.875652221766,6413.286137895896,1900.2266870590374,0.410375,0.11840529857798066,6336.951967105643,24
Chickenpox,Respiratory IDs,SARIMA,2017-2019,Pseudo interruption 2017,2017-01-01,2019-12-01,Recovered,Recovered but not balanced,Recovered,Recovered but not balanced,TRUE,TRUE,FALSE,0.9166666666666666,1,4853.762702114598,6368.277536162362,1779.4421134160848,0.4688888888888889,0.029895809824991293,6368.277536162362,36
Influenza,Respiratory IDs,ETS,2019,Pseudo interruption 2019,2019-01-01,2019-12-01,No Deficit,No deficit,No Deficit,No deficit,FALSE,FALSE,FALSE,0,0,131466.02728728153,523311.85141993075,52531.73819788859,0.9166666666666666,3.4894577227717605e-9,220.15784164996035,12
Influenza,Respiratory IDs,ETS,2018-2019,Pseudo interruption 2018,2018-01-01,2019-12-01,Debt Repaid,Balanced,Debt Repaid,Balanced,TRUE,TRUE,FALSE,0,0.041666666666666664,74226.23400817582,294899.14312870277,29647.440121216674,0.664875,1.4388266023068752e-8,196.5739691338138,24
Influenza,Respiratory IDs,ETS,2017-2019,Pseudo interruption 2017,2017-01-01,2019-12-01,Debt Repaid,Balanced,Debt Repaid,Balanced,TRUE,TRUE,FALSE,0,0,113352.42069257659,451312.7153435776,45287.73549514381,0.8888888888888888,0,162.97966963464262,36
Pneumonia,Respiratory IDs,TBATS,2019,Pseudo interruption 2019,2019-01-01,2019-12-01,Suppressed,Suppressed,Suppressed,Suppressed,TRUE,TRUE,TRUE,0.5833333333333334,0.6666666666666666,16853.405799624506,34676.811830701125,6478.9110098245055,0.20941666666666667,0.0016919484067843271,8405.618481527215,12
Pneumonia,Respiratory IDs,TBATS,2018-2019,Pseudo interruption 2018,2018-01-01,2019-12-01,Recovered,Recovered but not balanced,Recovered,Recovered but not balanced,TRUE,TRUE,FALSE,0.7916666666666666,0.9583333333333334,9850.888255242002,13967.034614222479,3802.9186797240895,0.44275,0.39984101477691614,11274.284512732569,24
Pneumonia,Respiratory IDs,TBATS,2017-2019,Pseudo interruption 2017,2017-01-01,2019-12-01,Debt Repaid,Balanced,No Deficit,No deficit,TRUE,FALSE,FALSE,0.6944444444444444,1,10069.666088753405,10955.677033298378,4162.990291813425,0.7001666666666667,1.0665611053817248e-4,10955.677033298378,36
