"","disease","Method","split","date","mean","lower_95","lower_80","upper_80","upper_95"
"1","Genital herpes","Bayesian structural","2019",2019-01-01,212.04524930049,157.716959313436,174.42653038293,255.030711219383,286.658810177672
"2","Genital herpes","Bayesian structural","2019",2019-02-01,176.074331808486,127.682771867439,144.677875011645,212.578881584485,240.458574530813
"3","Genital herpes","Bayesian structural","2019",2019-03-01,209.22262232101,151.218845998578,169.658812675287,255.987586766896,288.403746926607
"4","Genital herpes","Bayesian structural","2019",2019-04-01,185.663635666034,130.568194045937,146.313689388434,234.662640093178,269.519521375619
"5","Genital herpes","Bayesian structural","2019",2019-05-01,200.192805313204,133.979251557,155.325538528993,256.121623057311,298.928163093908
"6","Genital herpes","Bayesian structural","2019",2019-06-01,202.967713053864,128.597261275888,152.989540625946,270.064793685587,315.088310792707
"7","Genital herpes","Bayesian structural","2019",2019-07-01,190.874984119048,119.479330088443,141.020521250089,258.906487339572,313.897815267982
"8","Genital herpes","Bayesian structural","2019",2019-08-01,194.232509740074,113.604185457342,138.585374584378,270.911523947303,330.931729449822
"9","Genital herpes","Bayesian structural","2019",2019-09-01,198.643961733968,108.622693097806,136.86487439863,285.420261434512,348.233859342734
"10","Genital herpes","Bayesian structural","2019",2019-10-01,179.217446439368,92.7401586504197,117.902350897974,264.670024067478,323.641182124244
"11","Genital herpes","Bayesian structural","2019",2019-11-01,171.979014627749,81.6649977567736,112.046821562208,265.971889456753,329.820596777467
"12","Genital herpes","Bayesian structural","2019",2019-12-01,144.105021596805,68.0937162863521,91.056871747025,233.873834000162,299.112401798844
"13","Genital herpes","Bayesian structural","2018-2019",2018-01-01,187.441013089882,141.63113486319,157.188533880281,223.874539253063,245.78781437157
"14","Genital herpes","Bayesian structural","2018-2019",2018-02-01,165.312943427497,122.584843794113,136.043647951561,200.666499005911,225.342497476332
"15","Genital herpes","Bayesian structural","2018-2019",2018-03-01,195.345176940061,138.173050078474,158.691177336533,245.467232255991,272.762773021332
"16","Genital herpes","Bayesian structural","2018-2019",2018-04-01,168.452099550557,117.556336587069,133.301855254014,216.119005307529,244.178958417271
"17","Genital herpes","Bayesian structural","2018-2019",2018-05-01,178.213078822175,116.551346815894,138.139506661284,230.642735760385,268.591024490792
"18","Genital herpes","Bayesian structural","2018-2019",2018-06-01,185.68360018437,119.369929818895,137.729813381608,247.70285437366,295.385834975011
"19","Genital herpes","Bayesian structural","2018-2019",2018-07-01,172.032898659651,106.73767669439,124.887044324853,233.548556855228,300.091967855881
"20","Genital herpes","Bayesian structural","2018-2019",2018-08-01,169.947190653556,98.1471359719476,117.696894949375,246.292313168251,307.243832016045
"21","Genital herpes","Bayesian structural","2018-2019",2018-09-01,180.420741325716,97.6913199504559,120.546845996052,269.028282488094,337.878676887051
"22","Genital herpes","Bayesian structural","2018-2019",2018-10-01,159.147957333003,84.6945939181587,102.104629024009,244.239537237913,341.084885301814
"23","Genital herpes","Bayesian structural","2018-2019",2018-11-01,149.442029738576,72.0258516382302,93.8296473253633,241.202609589882,327.56781203685
"24","Genital herpes","Bayesian structural","2018-2019",2018-12-01,133.455111389627,63.8753660435233,79.7232833872572,219.49338151282,307.635874369526
"25","Genital herpes","Bayesian structural","2018-2019",2019-01-01,180.739778216028,79.1065946621606,102.853158244745,311.962564750865,457.892331411729
"26","Genital herpes","Bayesian structural","2018-2019",2019-02-01,160.69105536626,63.2779001777955,89.6218403156273,286.871347080228,436.303765581698
"27","Genital herpes","Bayesian structural","2018-2019",2019-03-01,190.167510955845,74.4869125615143,99.952776462894,357.128598821642,594.640409906341
"28","Genital herpes","Bayesian structural","2018-2019",2019-04-01,163.671117570846,55.3655921932605,83.9862500080832,327.292958376423,544.536708880784
"29","Genital herpes","Bayesian structural","2018-2019",2019-05-01,171.545730690951,56.1792038596957,81.7412726142753,361.896662116765,586.306143130529
"30","Genital herpes","Bayesian structural","2018-2019",2019-06-01,179.797496728487,52.4700644350396,81.2498293029073,411.846540269788,663.474557597151
"31","Genital herpes","Bayesian structural","2018-2019",2019-07-01,165.853317791356,46.3985250328569,73.5308312744825,395.892662919116,672.289215456584
"32","Genital herpes","Bayesian structural","2018-2019",2019-08-01,165.240235568387,43.0534804949762,69.1782351124927,423.88208023697,747.757635098373
"33","Genital herpes","Bayesian structural","2018-2019",2019-09-01,174.093830452123,41.581020398942,70.1646743641717,463.693154051051,816.266222066062
"34","Genital herpes","Bayesian structural","2018-2019",2019-10-01,152.928404377476,34.4608971725962,59.0868594761483,422.774218479764,775.034433325787
"35","Genital herpes","Bayesian structural","2018-2019",2019-11-01,144.180600592363,29.6134729329073,52.5724328517678,427.222065002173,788.069483903472
"36","Genital herpes","Bayesian structural","2018-2019",2019-12-01,128.289045686021,23.2725539829224,42.7194699148887,410.967227217235,771.795201361959
"37","Genital herpes","Bayesian structural","2017-2019",2017-01-01,221.83402076467,168.912295084598,184.483192701727,269.560352148483,296.379208552479
"38","Genital herpes","Bayesian structural","2017-2019",2017-02-01,191.346209765679,140.639677970523,155.497774846011,234.978560567538,265.273216094326
"39","Genital herpes","Bayesian structural","2017-2019",2017-03-01,234.533350580502,167.897946968717,188.181378907154,291.344241756624,327.083637257929
"40","Genital herpes","Bayesian structural","2017-2019",2017-04-01,209.348853290829,142.828562164595,164.720626064671,267.066999896634,307.768399756741
"41","Genital herpes","Bayesian structural","2017-2019",2017-05-01,215.779322806309,149.651306408608,167.053868649947,282.952687260073,327.504598744764
"42","Genital herpes","Bayesian structural","2017-2019",2017-06-01,234.236622921335,150.752409349601,175.704167105167,315.689070227769,371.471692808016
"43","Genital herpes","Bayesian structural","2017-2019",2017-07-01,226.26400778537,139.707501798248,164.211706944647,309.334606452486,383.646795912211
"44","Genital herpes","Bayesian structural","2017-2019",2017-08-01,223.659270541851,126.961723413295,157.159841323317,324.492575341178,381.575581864648
"45","Genital herpes","Bayesian structural","2017-2019",2017-09-01,246.03094432635,133.102960256645,172.246275440902,356.919997247869,453.922828613101
"46","Genital herpes","Bayesian structural","2017-2019",2017-10-01,223.0066210696,117.443740172889,149.202209164042,337.959414198358,418.753556570481
"47","Genital herpes","Bayesian structural","2017-2019",2017-11-01,205.671596803235,104.363135238627,131.801187445888,324.477269652526,420.678642941936
"48","Genital herpes","Bayesian structural","2017-2019",2017-12-01,190.342977316341,88.1062684791372,118.365619613313,310.343630667785,405.360265790279
"49","Genital herpes","Bayesian structural","2017-2019",2018-01-01,275.11588265709,121.739720213157,163.242993925309,458.383355063247,683.057620499236
"50","Genital herpes","Bayesian structural","2017-2019",2018-02-01,240.619749694388,96.0530978472716,134.800922353942,437.681837090114,630.771417839305
"51","Genital herpes","Bayesian structural","2017-2019",2018-03-01,294.73885513841,108.155592480372,159.85389470464,539.50762461372,817.387704891416
"52","Genital herpes","Bayesian structural","2017-2019",2018-04-01,261.138281844791,94.5694856923355,134.840913806079,506.732426300924,754.477319844612
"53","Genital herpes","Bayesian structural","2017-2019",2018-05-01,270.975797329394,87.5871235620744,134.487656419271,551.183071010574,857.960487239954
"54","Genital herpes","Bayesian structural","2017-2019",2018-06-01,290.767657567356,88.291826399653,140.540740456843,636.188185501285,1038.28305312447
"55","Genital herpes","Bayesian structural","2017-2019",2018-07-01,281.159490695933,79.6190797805994,128.057093852143,627.385219862526,1041.75348066698
"56","Genital herpes","Bayesian structural","2017-2019",2018-08-01,282.454468734836,72.2218731641342,124.247782042877,664.83049391109,1117.67537802561
"57","Genital herpes","Bayesian structural","2017-2019",2018-09-01,306.550843430948,75.6764782899628,125.331038677202,789.317100356736,1323.47768465481
"58","Genital herpes","Bayesian structural","2017-2019",2018-10-01,279.79532012839,62.3282620399494,107.50400297571,766.161061753386,1407.66561091933
"59","Genital herpes","Bayesian structural","2017-2019",2018-11-01,260.097831246251,53.0462678744245,96.5906126142724,737.403688364214,1334.15250701557
"60","Genital herpes","Bayesian structural","2017-2019",2018-12-01,239.132290114662,40.2819510100739,84.169189959262,707.504272377387,1307.30268073132
"61","Genital herpes","Bayesian structural","2017-2019",2019-01-01,344.751685397495,53.1568039716027,116.171114489382,1099.07209713316,2219.48985547823
"62","Genital herpes","Bayesian structural","2017-2019",2019-02-01,299.322028337361,43.1773696267839,95.6209898868024,992.517217990341,2099.17419573647
"63","Genital herpes","Bayesian structural","2017-2019",2019-03-01,368.532888062245,53.5622205779985,113.377591084645,1326.09511793809,2951.74331272472
"64","Genital herpes","Bayesian structural","2017-2019",2019-04-01,327.435656564015,40.5515791647814,90.8351877412811,1242.69470923034,2639.95453333727
"65","Genital herpes","Bayesian structural","2017-2019",2019-05-01,340.948798448402,38.6268483773981,88.3516480803373,1398.34425359258,3278.73464608868
"66","Genital herpes","Bayesian structural","2017-2019",2019-06-01,367.473647953865,38.263284277904,93.8886756599609,1617.48527412661,3889.40408263791
"67","Genital herpes","Bayesian structural","2017-2019",2019-07-01,352.604048711042,34.0846190939243,83.0829540683803,1554.74297158566,4189.74404362623
"68","Genital herpes","Bayesian structural","2017-2019",2019-08-01,351.985220842413,29.4105059160349,77.6768268618171,1682.44800609397,4610.27165311635
"69","Genital herpes","Bayesian structural","2017-2019",2019-09-01,385.095277809583,32.1992167733213,81.5231084896085,1891.85994729757,5920.81393461042
"70","Genital herpes","Bayesian structural","2017-2019",2019-10-01,350.199273146626,27.2198693223425,65.6030764165668,1918.93149111088,6800.30471785662
"71","Genital herpes","Bayesian structural","2017-2019",2019-11-01,325.4395617499,21.5451583850268,60.8633519814661,1970.44496489886,6674.54254075574
"72","Genital herpes","Bayesian structural","2017-2019",2019-12-01,300.393944452541,19.3304314597535,49.8359792162442,1868.21469189498,6642.27619330775
"73","Genital herpes","Neural Network","2019",2019-01-01,170.712254310937,NA,NA,NA,NA
"74","Genital herpes","Neural Network","2019",2019-02-01,159.141807718562,NA,NA,NA,NA
"75","Genital herpes","Neural Network","2019",2019-03-01,164.233423961258,NA,NA,NA,NA
"76","Genital herpes","Neural Network","2019",2019-04-01,165.476180447183,NA,NA,NA,NA
"77","Genital herpes","Neural Network","2019",2019-05-01,165.928533831976,NA,NA,NA,NA
"78","Genital herpes","Neural Network","2019",2019-06-01,165.792013848879,NA,NA,NA,NA
"79","Genital herpes","Neural Network","2019",2019-07-01,166.684452465635,NA,NA,NA,NA
"80","Genital herpes","Neural Network","2019",2019-08-01,167.898590898182,NA,NA,NA,NA
"81","Genital herpes","Neural Network","2019",2019-09-01,167.041687015776,NA,NA,NA,NA
"82","Genital herpes","Neural Network","2019",2019-10-01,166.896664194219,NA,NA,NA,NA
"83","Genital herpes","Neural Network","2019",2019-11-01,166.700743681784,NA,NA,NA,NA
"84","Genital herpes","Neural Network","2019",2019-12-01,161.189446002564,NA,NA,NA,NA
"85","Genital herpes","Neural Network","2018-2019",2018-01-01,152.622191317006,NA,NA,NA,NA
"86","Genital herpes","Neural Network","2018-2019",2018-02-01,153.5821823847,NA,NA,NA,NA
"87","Genital herpes","Neural Network","2018-2019",2018-03-01,155.604043627757,NA,NA,NA,NA
"88","Genital herpes","Neural Network","2018-2019",2018-04-01,154.02036174079,NA,NA,NA,NA
"89","Genital herpes","Neural Network","2018-2019",2018-05-01,159.323956218272,NA,NA,NA,NA
"90","Genital herpes","Neural Network","2018-2019",2018-06-01,158.796022274839,NA,NA,NA,NA
"91","Genital herpes","Neural Network","2018-2019",2018-07-01,156.737958472246,NA,NA,NA,NA
"92","Genital herpes","Neural Network","2018-2019",2018-08-01,158.207536289989,NA,NA,NA,NA
"93","Genital herpes","Neural Network","2018-2019",2018-09-01,157.500636706543,NA,NA,NA,NA
"94","Genital herpes","Neural Network","2018-2019",2018-10-01,156.237745738067,NA,NA,NA,NA
"95","Genital herpes","Neural Network","2018-2019",2018-11-01,156.191369256746,NA,NA,NA,NA
"96","Genital herpes","Neural Network","2018-2019",2018-12-01,155.575679711403,NA,NA,NA,NA
"97","Genital herpes","Neural Network","2018-2019",2019-01-01,154.966400702821,NA,NA,NA,NA
"98","Genital herpes","Neural Network","2018-2019",2019-02-01,154.618137240107,NA,NA,NA,NA
"99","Genital herpes","Neural Network","2018-2019",2019-03-01,154.258564543018,NA,NA,NA,NA
"100","Genital herpes","Neural Network","2018-2019",2019-04-01,153.893904800544,NA,NA,NA,NA
"101","Genital herpes","Neural Network","2018-2019",2019-05-01,153.831280403567,NA,NA,NA,NA
"102","Genital herpes","Neural Network","2018-2019",2019-06-01,153.639936087267,NA,NA,NA,NA
"103","Genital herpes","Neural Network","2018-2019",2019-07-01,153.397876358839,NA,NA,NA,NA
"104","Genital herpes","Neural Network","2018-2019",2019-08-01,153.348439828672,NA,NA,NA,NA
"105","Genital herpes","Neural Network","2018-2019",2019-09-01,153.212010969165,NA,NA,NA,NA
"106","Genital herpes","Neural Network","2018-2019",2019-10-01,153.053040838136,NA,NA,NA,NA
"107","Genital herpes","Neural Network","2018-2019",2019-11-01,152.968973021406,NA,NA,NA,NA
"108","Genital herpes","Neural Network","2018-2019",2019-12-01,152.858166892865,NA,NA,NA,NA
"109","Genital herpes","Neural Network","2017-2019",2017-01-01,164.03142274752,NA,NA,NA,NA
"110","Genital herpes","Neural Network","2017-2019",2017-02-01,160.841262420164,NA,NA,NA,NA
"111","Genital herpes","Neural Network","2017-2019",2017-03-01,159.427051785916,NA,NA,NA,NA
"112","Genital herpes","Neural Network","2017-2019",2017-04-01,158.686249822918,NA,NA,NA,NA
"113","Genital herpes","Neural Network","2017-2019",2017-05-01,159.862198032585,NA,NA,NA,NA
"114","Genital herpes","Neural Network","2017-2019",2017-06-01,159.047243184002,NA,NA,NA,NA
"115","Genital herpes","Neural Network","2017-2019",2017-07-01,159.189618100346,NA,NA,NA,NA
"116","Genital herpes","Neural Network","2017-2019",2017-08-01,158.725074009458,NA,NA,NA,NA
"117","Genital herpes","Neural Network","2017-2019",2017-09-01,158.752636396718,NA,NA,NA,NA
"118","Genital herpes","Neural Network","2017-2019",2017-10-01,159.124603315547,NA,NA,NA,NA
"119","Genital herpes","Neural Network","2017-2019",2017-11-01,158.223583640008,NA,NA,NA,NA
"120","Genital herpes","Neural Network","2017-2019",2017-12-01,158.414575323141,NA,NA,NA,NA
"121","Genital herpes","Neural Network","2017-2019",2018-01-01,156.731912538137,NA,NA,NA,NA
"122","Genital herpes","Neural Network","2017-2019",2018-02-01,156.935262209197,NA,NA,NA,NA
"123","Genital herpes","Neural Network","2017-2019",2018-03-01,156.921229079548,NA,NA,NA,NA
"124","Genital herpes","Neural Network","2017-2019",2018-04-01,157.728793165944,NA,NA,NA,NA
"125","Genital herpes","Neural Network","2017-2019",2018-05-01,157.271445034667,NA,NA,NA,NA
"126","Genital herpes","Neural Network","2017-2019",2018-06-01,157.931655954893,NA,NA,NA,NA
"127","Genital herpes","Neural Network","2017-2019",2018-07-01,157.796778512763,NA,NA,NA,NA
"128","Genital herpes","Neural Network","2017-2019",2018-08-01,158.167994957004,NA,NA,NA,NA
"129","Genital herpes","Neural Network","2017-2019",2018-09-01,158.210355768991,NA,NA,NA,NA
"130","Genital herpes","Neural Network","2017-2019",2018-10-01,158.208348383383,NA,NA,NA,NA
"131","Genital herpes","Neural Network","2017-2019",2018-11-01,158.47979990645,NA,NA,NA,NA
"132","Genital herpes","Neural Network","2017-2019",2018-12-01,158.473709058599,NA,NA,NA,NA
"133","Genital herpes","Neural Network","2017-2019",2019-01-01,158.821220182124,NA,NA,NA,NA
"134","Genital herpes","Neural Network","2017-2019",2019-02-01,158.881595061029,NA,NA,NA,NA
"135","Genital herpes","Neural Network","2017-2019",2019-03-01,158.956259851971,NA,NA,NA,NA
"136","Genital herpes","Neural Network","2017-2019",2019-04-01,158.885949634575,NA,NA,NA,NA
"137","Genital herpes","Neural Network","2017-2019",2019-05-01,158.982767468858,NA,NA,NA,NA
"138","Genital herpes","Neural Network","2017-2019",2019-06-01,158.866362911779,NA,NA,NA,NA
"139","Genital herpes","Neural Network","2017-2019",2019-07-01,158.890737853301,NA,NA,NA,NA
"140","Genital herpes","Neural Network","2017-2019",2019-08-01,158.805664112512,NA,NA,NA,NA
"141","Genital herpes","Neural Network","2017-2019",2019-09-01,158.779400574059,NA,NA,NA,NA
"142","Genital herpes","Neural Network","2017-2019",2019-10-01,158.760324307754,NA,NA,NA,NA
"143","Genital herpes","Neural Network","2017-2019",2019-11-01,158.68372382164,NA,NA,NA,NA
"144","Genital herpes","Neural Network","2017-2019",2019-12-01,158.668264223192,NA,NA,NA,NA
"145","Genital herpes","TBATS","2019",2019-01-01,207.766526170869,162.809185813455,177.146862628107,243.678768885299,265.138168841226
"146","Genital herpes","TBATS","2019",2019-02-01,184.044377855596,143.90626679224,156.697393237095,216.163985376591,235.37774813626
"147","Genital herpes","TBATS","2019",2019-03-01,201.567066675715,154.876544014272,169.666168672443,239.466021341538,262.333348324896
"148","Genital herpes","TBATS","2019",2019-04-01,194.143010922945,146.257469288709,161.32213472402,233.641271575702,257.706555935441
"149","Genital herpes","TBATS","2019",2019-05-01,182.642976337845,134.519886186564,149.540539943778,223.072999589864,247.981601465838
"150","Genital herpes","TBATS","2019",2019-06-01,208.491402494103,149.981307858426,168.093964470043,258.597416337959,289.827216035414
"151","Genital herpes","TBATS","2019",2019-07-01,180.415761092222,126.695340400754,143.184885085036,227.32739444638,256.914317034281
"152","Genital herpes","TBATS","2019",2019-08-01,193.801393069677,132.857754165795,151.405859296876,248.068206410043,282.700698890912
"153","Genital herpes","TBATS","2019",2019-09-01,190.343130113417,127.440691804238,146.424898126595,247.434061043699,284.293083068216
"154","Genital herpes","TBATS","2019",2019-10-01,179.748627071801,117.577836951685,136.185872972273,237.246112456727,274.793020282164
"155","Genital herpes","TBATS","2019",2019-11-01,157.930140219594,101.019069276393,117.916593177209,211.521792800586,246.903177473735
"156","Genital herpes","TBATS","2019",2019-12-01,150.123462712217,93.9280561606596,110.480817224,203.990653065252,239.939534340601
"157","Genital herpes","TBATS","2018-2019",2018-01-01,178.498655858883,138.612395747648,151.293088908308,210.596335717211,229.862343635081
"158","Genital herpes","TBATS","2018-2019",2018-02-01,169.760017173155,130.063395996613,142.625149996127,202.05737509417,221.572435578879
"159","Genital herpes","TBATS","2018-2019",2018-03-01,188.224610818634,141.280259972849,156.030021021094,227.062099242022,250.767546185397
"160","Genital herpes","TBATS","2018-2019",2018-04-01,180.055247366587,132.874154899772,147.6108674203,219.630794607636,243.989450986141
"161","Genital herpes","TBATS","2018-2019",2018-05-01,168.894152013794,122.661618841293,137.02156166758,208.180626737141,232.552242942157
"162","Genital herpes","TBATS","2018-2019",2018-06-01,197.330130120454,141.136714724484,158.497038070913,245.677652575019,275.896887137904
"163","Genital herpes","TBATS","2018-2019",2018-07-01,169.830550309892,119.774165471615,135.162267909413,213.391031866164,240.806652294278
"164","Genital herpes","TBATS","2018-2019",2018-08-01,174.591878039447,121.411570189773,137.679007730315,221.401391394755,251.066054328227
"165","Genital herpes","TBATS","2018-2019",2018-09-01,180.479669149194,123.927757895817,141.149229027116,230.769315572705,262.837894667518
"166","Genital herpes","TBATS","2018-2019",2018-10-01,167.539173382638,113.544134649841,129.910667258534,216.066741939497,247.211136923107
"167","Genital herpes","TBATS","2018-2019",2018-11-01,147.796188546602,99.0275172775766,113.749981470894,192.032676106344,220.582257835207
"168","Genital herpes","TBATS","2018-2019",2018-12-01,145.699582531296,96.4265799388889,111.23603089819,190.840757067495,220.150588802875
"169","Genital herpes","TBATS","2018-2019",2019-01-01,178.498655858883,117.038294555142,135.449363293561,235.230121195722,272.23371858359
"170","Genital herpes","TBATS","2018-2019",2019-02-01,169.760017173155,110.399258130877,128.129216931569,224.917190011557,261.038560571356
"171","Genital herpes","TBATS","2018-2019",2019-03-01,188.224610818634,120.826243729514,140.863192854498,251.510017626972,293.218617282664
"172","Genital herpes","TBATS","2018-2019",2019-04-01,180.055247366587,114.29851922765,133.769045689021,242.357205564663,283.642275712004
"173","Genital herpes","TBATS","2018-2019",2019-05-01,168.894152013794,106.05783372171,124.591072670526,228.950870821155,268.959242174484
"174","Genital herpes","TBATS","2018-2019",2019-06-01,197.330130120454,122.601453443606,144.557618924856,269.367886265453,317.60781915417
"175","Genital herpes","TBATS","2018-2019",2019-07-01,169.830550309892,104.46687111665,123.602139852614,233.348838887036,276.091506429388
"176","Genital herpes","TBATS","2018-2019",2019-08-01,174.591878039447,106.30489786751,126.222064173994,241.497586628927,286.744303308882
"177","Genital herpes","TBATS","2018-2019",2019-09-01,180.479669149194,108.868371967887,129.68435473187,251.170706316493,299.195352951642
"178","Genital herpes","TBATS","2018-2019",2019-10-01,167.539173382638,100.074723002182,119.615280591086,234.66378609013,280.484159992385
"179","Genital herpes","TBATS","2018-2019",2019-11-01,147.796188546602,87.5198906872575,104.923328094433,208.187385452004,249.58570191728
"180","Genital herpes","TBATS","2018-2019",2019-12-01,145.699582531296,85.4641975607718,102.795656267903,206.51036357479,248.389020849331
"181","Genital herpes","TBATS","2017-2019",2017-01-01,189.474695530591,147.047560291512,160.533256810861,223.633787537918,244.143188606729
"182","Genital herpes","TBATS","2017-2019",2017-02-01,178.985384416714,136.895987182861,150.206989830256,213.277477106768,234.015390034822
"183","Genital herpes","TBATS","2017-2019",2017-03-01,199.780116464223,149.260708163081,165.108164170968,241.733018684222,267.398536598464
"184","Genital herpes","TBATS","2017-2019",2017-04-01,193.3718008206,141.853798871262,157.911662577453,236.794754372631,263.599943393389
"185","Genital herpes","TBATS","2017-2019",2017-05-01,177.598644606337,128.034248882789,143.389262560587,219.969598858077,246.350322989616
"186","Genital herpes","TBATS","2017-2019",2017-06-01,209.587702311517,148.638125121647,167.411734922253,262.389043280755,295.529864388903
"187","Genital herpes","TBATS","2017-2019",2017-07-01,181.028359075571,126.464975198707,143.182497456389,228.877602861869,259.133145268897
"188","Genital herpes","TBATS","2017-2019",2017-08-01,186.273500529743,128.189097330561,145.891106741532,237.833667689398,270.67681824866
"189","Genital herpes","TBATS","2017-2019",2017-09-01,195.626332610581,132.831173359707,151.877967975236,251.976389471485,288.107535623671
"190","Genital herpes","TBATS","2017-2019",2017-10-01,179.108490936049,119.929820655542,137.790766435358,232.815683919127,267.488530792746
"191","Genital herpes","TBATS","2017-2019",2017-11-01,157.890923569474,104.46842978677,120.523588597696,206.843689568815,238.632319797523
"192","Genital herpes","TBATS","2017-2019",2017-12-01,155.321101607832,101.429579838219,117.549941252226,205.228895460749,237.846244095158
"193","Genital herpes","TBATS","2017-2019",2018-01-01,189.474695530591,122.591549845049,142.531700438003,251.878425193038,292.847755753045
"194","Genital herpes","TBATS","2017-2019",2018-02-01,178.985384416714,114.807597510843,133.881858519159,239.283859584415,279.038744206571
"195","Genital herpes","TBATS","2017-2019",2018-03-01,199.780116464222,126.297287999933,148.023166486175,269.634111213165,316.01703858027
"196","Genital herpes","TBATS","2017-2019",2018-04-01,193.3718008206,120.806930882163,142.169916416228,263.013823846727,309.524073491076
"197","Genital herpes","TBATS","2017-2019",2018-05-01,177.598644606337,109.66831330355,129.582839736136,243.406292301001,287.606124466463
"198","Genital herpes","TBATS","2017-2019",2018-06-01,209.587702311517,127.97023532054,151.799655829311,289.374865313359,343.259546645301
"199","Genital herpes","TBATS","2017-2019",2018-07-01,181.028359075571,109.366329962679,130.208641170107,251.682733919179,299.646763320823
"200","Genital herpes","TBATS","2017-2019",2018-08-01,186.273500529743,111.326335548676,133.03855533854,260.810235884698,311.676629151535
"201","Genital herpes","TBATS","2017-2019",2018-09-01,195.626332610581,115.77325930711,138.823963994288,275.670431167349,330.557006338991
"202","Genital herpes","TBATS","2017-2019",2018-10-01,179.108490936049,104.902941973473,126.242250934325,254.113431026175,305.805070114246
"203","Genital herpes","TBATS","2017-2019",2018-11-01,157.890923569474,91.6468853614881,110.633967760906,225.333541317955,272.017359316582
"204","Genital herpes","TBATS","2017-2019",2018-12-01,155.321101607832,89.256391975797,108.122573666189,223.123107290725,270.284783763297
"205","Genital herpes","TBATS","2017-2019",2019-01-01,189.474695530591,108.106186453652,131.281616149387,273.462966860175,332.08701022676
"206","Genital herpes","TBATS","2017-2019",2019-02-01,178.985384416714,101.43573558717,123.46876727847,259.464547520313,315.823290967005
"207","Genital herpes","TBATS","2017-2019",2019-03-01,199.780116464222,111.933443742783,136.787003619225,291.782800108422,356.569882958073
"208","Genital herpes","TBATS","2017-2019",2019-04-01,193.3718008206,107.327308045801,131.586421431606,284.168023917552,348.398315707731
"209","Genital herpes","TBATS","2017-2019",2019-05-01,177.598644606337,97.6557984037298,120.116795003177,262.588412929045,322.984186106487
"210","Genital herpes","TBATS","2017-2019",2019-06-01,209.587702311517,114.198409002811,140.908723036633,311.740849065824,384.655139627556
"211","Genital herpes","TBATS","2017-2019",2019-07-01,181.028359075571,97.787865642112,121.021586937514,270.788605726304,335.12610766587
"212","Genital herpes","TBATS","2017-2019",2019-08-01,186.273500529743,99.7328134559534,123.808093851778,280.254835690662,347.907732643361
"213","Genital herpes","TBATS","2017-2019",2019-09-01,195.626332610581,103.893582304671,129.336176298347,295.89294430962,368.35443693181
"214","Genital herpes","TBATS","2017-2019",2019-10-01,179.108490936049,94.3035820231188,117.749014822405,272.44263209992,340.176383941855
"215","Genital herpes","TBATS","2017-2019",2019-11-01,157.890923569474,82.5086308380182,103.290472890055,241.353757496658,302.14467859203
"216","Genital herpes","TBATS","2017-2019",2019-12-01,155.321101607832,80.4850921078075,101.051374986452,238.736430928373,299.74053545663
"217","Genital herpes","ETS","2019",2019-01-01,198.325001645873,153.787947833278,167.94021941408,234.207186432543,255.760004811797
"218","Genital herpes","ETS","2019",2019-02-01,171.194908604931,129.531321627059,142.658389716168,205.439699624824,226.259536026598
"219","Genital herpes","ETS","2019",2019-03-01,202.017475792635,149.443601970971,165.878628938046,246.029647019029,273.086702859019
"220","Genital herpes","ETS","2019",2019-04-01,179.165671734702,129.787007145995,145.110320585271,221.213334783337,247.330904949815
"221","Genital herpes","ETS","2019",2019-05-01,184.65908735137,131.157430943587,147.645730876732,230.951334244198,259.985105656023
"222","Genital herpes","ETS","2019",2019-06-01,196.326122112801,136.871329203301,155.074345302616,248.551403835592,281.60715942635
"223","Genital herpes","ETS","2019",2019-07-01,186.199960480661,127.533322840854,145.382800971596,238.476800909712,271.853853649402
"224","Genital herpes","ETS","2019",2019-08-01,184.118707599032,123.992608448718,142.176538071195,238.433843922705,273.400962461067
"225","Genital herpes","ETS","2019",2019-09-01,196.829675446602,130.419913050184,150.388424976579,257.612387006834,297.055259663508
"226","Genital herpes","ETS","2019",2019-10-01,171.792695413875,112.067780754672,129.926315142795,227.149751496675,263.347145797157
"227","Genital herpes","ETS","2019",2019-11-01,162.969757545986,104.723667733361,122.046214394694,217.615450068003,253.611647199182
"228","Genital herpes","ETS","2019",2019-12-01,142.748661445128,90.4032769599113,105.889570778181,192.438029492651,225.403116232301
"229","Genital herpes","ETS","2018-2019",2018-01-01,188.212377776276,145.789536417352,159.26498223916,222.421141484857,242.979709097855
"230","Genital herpes","ETS","2018-2019",2018-02-01,166.328341302845,125.681493204896,138.482285450776,199.773689685309,220.120850055893
"231","Genital herpes","ETS","2018-2019",2018-03-01,197.410643592935,145.808080037002,161.930687470598,240.664464608371,267.275738037886
"232","Genital herpes","ETS","2018-2019",2018-04-01,173.139252654752,125.200515760118,140.067792634238,214.019227733002,239.433524916796
"233","Genital herpes","ETS","2018-2019",2018-05-01,178.164395660467,126.29800086422,142.271374572921,223.112709611095,251.330596397839
"234","Genital herpes","ETS","2018-2019",2018-06-01,192.952345213041,134.234159161761,152.198177160671,244.619273487812,277.355687670731
"235","Genital herpes","ETS","2018-2019",2018-07-01,177.037297268565,120.981133734492,138.022566816812,227.080290904578,259.066878088137
"236","Genital herpes","ETS","2018-2019",2018-08-01,176.233396250151,118.393867238126,135.871124481201,228.585801968248,262.329550325401
"237","Genital herpes","ETS","2018-2019",2018-09-01,191.086105552652,126.28837965011,145.754253542888,250.516872391206,289.131112747215
"238","Genital herpes","ETS","2018-2019",2018-10-01,163.614605396161,106.443698030794,123.521943996132,216.720513237549,251.492005578357
"239","Genital herpes","ETS","2018-2019",2018-11-01,156.215727750068,100.098571284418,116.770925313252,208.984843881457,243.793225850787
"240","Genital herpes","ETS","2018-2019",2018-12-01,139.644225781672,88.1751591040557,103.385917480529,188.618626882479,221.156502492387
"241","Genital herpes","ETS","2018-2019",2019-01-01,188.212377776276,117.163387880374,138.053050583985,256.59627946178,302.346149160248
"242","Genital herpes","ETS","2018-2019",2019-02-01,166.328341302845,102.119960537294,120.904179346328,228.818534397471,270.908027921263
"243","Genital herpes","ETS","2018-2019",2019-03-01,197.410643592935,119.586144121155,142.243005284925,273.974541846291,325.881919600105
"244","Genital herpes","ETS","2018-2019",2019-04-01,173.139252654752,103.519955904577,123.691766300915,242.3540523863,289.578956520021
"245","Genital herpes","ETS","2018-2019",2019-05-01,178.164395660467,105.174070310918,126.224381786811,251.47718239311,301.809674069106
"246","Genital herpes","ETS","2018-2019",2019-06-01,192.952345213041,112.493655048024,135.592328544737,274.577536375361,330.957399395713
"247","Genital herpes","ETS","2018-2019",2019-07-01,177.037297268565,101.965921702653,123.421947553412,253.943526621102,307.379211611074
"248","Genital herpes","ETS","2018-2019",2019-08-01,176.233396250151,100.300938553412,121.908242490175,254.767104499649,309.650242577977
"249","Genital herpes","ETS","2018-2019",2019-09-01,191.086105552652,107.49283195789,131.178069120148,278.353691132895,339.686833719139
"250","Genital herpes","ETS","2018-2019",2019-10-01,163.614605396161,90.992749269156,111.482657260318,240.124695237868,294.196398218025
"251","Genital herpes","ETS","2018-2019",2019-11-01,156.215727750068,85.9090135275632,105.663548605021,230.953379085393,284.06045645785
"252","Genital herpes","ETS","2018-2019",2019-12-01,139.644225781672,75.9545520210343,93.7769024237613,207.945765856536,256.739185148013
"253","Genital herpes","ETS","2017-2019",2017-01-01,206.205070140256,159.079856710459,174.028002434586,244.331546398866,267.290478070643
"254","Genital herpes","ETS","2017-2019",2017-02-01,178.000469920228,133.782026470679,147.68167871719,214.54365610576,236.834260383748
"255","Genital herpes","ETS","2017-2019",2017-03-01,212.292433989754,155.784822233572,173.399943267987,259.90825994471,289.296973114122
"256","Genital herpes","ETS","2017-2019",2017-04-01,187.212552555183,134.365105613623,150.711618883105,232.553668349961,260.845549699577
"257","Genital herpes","ETS","2017-2019",2017-05-01,188.558833716198,132.545524677761,149.744908507484,237.433339983214,268.243185568514
"258","Genital herpes","ETS","2017-2019",2017-06-01,202.90065150955,139.853202997457,159.078567926665,258.794600175045,294.370622199827
"259","Genital herpes","ETS","2017-2019",2017-07-01,191.0100150484,129.224248981526,147.940590168629,246.618090459171,282.337302296924
"260","Genital herpes","ETS","2017-2019",2017-08-01,187.068206895993,124.324359449617,143.21079301854,244.356680761845,281.477533334597
"261","Genital herpes","ETS","2017-2019",2017-09-01,205.137777428817,134.027328897698,155.302066423469,270.965536374057,313.977067770673
"262","Genital herpes","ETS","2017-2019",2017-10-01,179.37423292586,115.288219974492,134.348948269433,239.489150098999,279.084154867338
"263","Genital herpes","ETS","2017-2019",2017-11-01,164.432745395368,104.026822233707,121.891065786976,221.822063690141,259.914964022586
"264","Genital herpes","ETS","2017-2019",2017-12-01,150.169860202323,93.5617901961413,110.210721348723,204.616997667864,241.027740767997
"265","Genital herpes","ETS","2017-2019",2018-01-01,206.205070140256,126.585684199779,149.877256523042,283.702357101867,335.903156982915
"266","Genital herpes","ETS","2017-2019",2018-02-01,178.000469920228,107.712319200148,128.167158740832,247.209718956874,294.155464547631
"267","Genital herpes","ETS","2017-2019",2018-03-01,212.292433989754,126.680965352278,151.468692869264,297.540545676942,355.760452282372
"268","Genital herpes","ETS","2017-2019",2018-04-01,187.212552555183,110.205772405691,132.391663494404,264.733737073322,318.028167392232
"269","Genital herpes","ETS","2017-2019",2018-05-01,188.558833716198,109.535952167621,132.192426641465,268.959687598777,324.591452110668
"270","Genital herpes","ETS","2017-2019",2018-06-01,202.90065150955,116.351232313764,141.048001115453,291.877049355005,353.83101291081
"271","Genital herpes","ETS","2017-2019",2018-07-01,191.0100150484,108.155687984052,131.68826931695,277.054486614731,337.336172778724
"272","Genital herpes","ETS","2017-2019",2018-08-01,187.068206895993,104.620904622131,127.931232067551,273.541600950141,334.488734901259
"273","Genital herpes","ETS","2017-2019",2018-09-01,205.137777428817,113.344772177235,139.181396550125,302.350089677967,371.269948495136
"274","Genital herpes","ETS","2017-2019",2018-10-01,179.37423292586,97.9396684588055,120.760093281628,266.438312222105,328.519750414246
"275","Genital herpes","ETS","2017-2019",2018-11-01,164.432745395368,88.7419327600894,109.861226740646,246.111649764187,304.682655846075
"276","Genital herpes","ETS","2017-2019",2018-12-01,150.169860202323,80.1229571647041,99.5844593921489,226.450864430391,281.454750438486
"277","Genital herpes","ETS","2017-2019",2019-01-01,206.205070140256,108.792274746692,135.743871433656,313.240888906941,390.841454970507
"278","Genital herpes","ETS","2017-2019",2019-02-01,178.000469920228,92.8813510271652,116.334666653088,272.353617398542,341.125176813539
"279","Genital herpes","ETS","2017-2019",2019-03-01,212.292433989754,109.579791531973,137.765947768954,327.135103116172,411.280920498411
"280","Genital herpes","ETS","2017-2019",2019-04-01,187.212552555183,95.6082892746833,120.64558304503,290.508271829113,366.584739671815
"281","Genital herpes","ETS","2017-2019",2019-05-01,188.558833716198,95.2893968150744,120.681259196642,294.614375165569,373.120567038663
"282","Genital herpes","ETS","2017-2019",2019-06-01,202.90065150955,101.481629749713,128.984675920265,319.174925930343,405.676125664668
"283","Genital herpes","ETS","2017-2019",2019-07-01,191.0100150484,94.5654640244742,120.619015672827,302.479883833187,385.815542969762
"284","Genital herpes","ETS","2017-2019",2019-08-01,187.068206895993,91.6879207445261,117.356183185927,298.190628574212,381.669839899506
"285","Genital herpes","ETS","2017-2019",2019-09-01,205.137777428817,99.5529566672033,127.86086862874,329.119520145165,422.704750689722
"286","Genital herpes","ETS","2017-2019",2019-10-01,179.37423292586,86.2031516521497,111.090296091882,289.630296881457,373.247553263193
"287","Genital herpes","ETS","2017-2019",2019-11-01,164.432745395368,78.2639676299893,101.196382064703,267.184727424051,345.473511975354
"288","Genital herpes","ETS","2017-2019",2019-12-01,150.169860202323,70.7976350140031,91.8446867082345,245.533930392987,318.527404322545
"289","Genital herpes","SARIMA","2019",2019-01-01,190.299153824695,141.591462810272,156.848636641989,230.88353664848,255.76236891429
"290","Genital herpes","SARIMA","2019",2019-02-01,158.273378400259,116.51676882901,129.548126232683,193.368001828434,214.994481583964
"291","Genital herpes","SARIMA","2019",2019-03-01,170.340725868748,122.231297623185,137.111215942702,211.623554572061,237.385706064762
"292","Genital herpes","SARIMA","2019",2019-04-01,170.358585923145,119.373894988416,135.011745285436,214.959429910163,243.118881230691
"293","Genital herpes","SARIMA","2019",2019-05-01,173.797744284994,119.101802848113,135.746313175047,222.515479146763,253.612079718664
"294","Genital herpes","SARIMA","2019",2019-06-01,170.832975881477,114.634084297699,131.608648238621,221.747628587505,254.583144509901
"295","Genital herpes","SARIMA","2019",2019-07-01,174.338330602417,114.672852834481,132.566493327252,229.272516413387,265.048376890982
"296","Genital herpes","SARIMA","2019",2019-08-01,175.669234894488,113.366382323893,131.923798072966,233.920494552063,272.211915524015
"297","Genital herpes","SARIMA","2019",2019-09-01,171.93510380147,108.948086438309,127.586445183231,231.699220687337,271.337302798443
"298","Genital herpes","SARIMA","2019",2019-10-01,167.229931232063,104.121684241165,122.677916578417,227.961565372725,268.588143802077
"299","Genital herpes","SARIMA","2019",2019-11-01,167.245469408301,102.38267801904,121.338195999831,230.521368865925,273.200970894716
"300","Genital herpes","SARIMA","2019",2019-12-01,147.833729790925,89.0299439613247,106.112859104633,205.958183092082,245.477091094096
"301","Genital herpes","SARIMA","2018-2019",2018-01-01,152.434376560986,113.801506087527,125.917079727206,184.53603917655,204.18217610991
"302","Genital herpes","SARIMA","2018-2019",2018-02-01,156.557276646413,115.491689899894,128.31664161386,191.013266577685,212.224627522435
"303","Genital herpes","SARIMA","2018-2019",2018-03-01,159.443438396411,114.503729109542,128.407198843239,197.98119012553,222.020804434671
"304","Genital herpes","SARIMA","2018-2019",2018-04-01,150.035336856948,105.104128821964,118.883941395999,189.34939438789,214.17429132502
"305","Genital herpes","SARIMA","2018-2019",2018-05-01,167.613022123041,114.723492152125,130.811335208252,214.768277844523,244.885547486349
"306","Genital herpes","SARIMA","2018-2019",2018-06-01,160.396452438093,107.408928133514,123.401754059591,208.481817384068,239.524054487774
"307","Genital herpes","SARIMA","2018-2019",2018-07-01,150.456902918471,98.6849061444786,114.195588038223,198.232523906625,229.389483359049
"308","Genital herpes","SARIMA","2018-2019",2018-08-01,156.130207373389,100.40172361324,116.979865532785,208.383225125402,242.791067495607
"309","Genital herpes","SARIMA","2018-2019",2018-09-01,151.245128697039,95.4375834916837,111.926596285352,204.375811592312,239.68638053977
"310","Genital herpes","SARIMA","2018-2019",2018-10-01,143.433355281725,88.878460917576,104.891904948881,196.136464652824,231.474838728954
"311","Genital herpes","SARIMA","2018-2019",2018-11-01,150.335790178289,91.5389531217407,108.688348228026,207.941791157911,246.89871402039
"312","Genital herpes","SARIMA","2018-2019",2018-12-01,139.659638182442,83.6124492412373,99.8596051275847,195.322367961805,233.276440461345
"313","Genital herpes","SARIMA","2018-2019",2019-01-01,143.068613087723,80.8353672325529,98.4970413167772,207.809572523252,253.213769561521
"314","Genital herpes","SARIMA","2018-2019",2019-02-01,146.027196274953,80.595990080123,99.0051865725801,215.382070274583,264.578200859929
"315","Genital herpes","SARIMA","2018-2019",2019-03-01,146.987009392378,78.8943666493954,97.8550220004637,220.787655946904,273.849475541492
"316","Genital herpes","SARIMA","2018-2019",2019-04-01,142.69369482133,74.5726005907568,93.3531543910351,218.1125070126,273.04251669462
"317","Genital herpes","SARIMA","2018-2019",2019-05-01,147.268301723244,75.0152587348705,94.7443342722772,228.910286393711,289.113882404926
"318","Genital herpes","SARIMA","2018-2019",2019-06-01,146.129860822674,72.6194699130116,92.5059007506578,230.838638949226,294.052493768313
"319","Genital herpes","SARIMA","2018-2019",2019-07-01,143.881266319645,69.8165310946654,89.6727770072334,230.859570637304,296.51743610227
"320","Genital herpes","SARIMA","2018-2019",2019-08-01,144.371202542008,68.455055145293,88.6297019838149,235.169967368633,304.477793191269
"321","Genital herpes","SARIMA","2018-2019",2019-09-01,143.440968441848,66.5074475966475,86.7783135723975,237.101996806722,309.368531962314
"322","Genital herpes","SARIMA","2018-2019",2019-10-01,140.173555242142,63.593226549129,83.6033266602183,235.022054434245,308.973559849841
"323","Genital herpes","SARIMA","2018-2019",2019-11-01,141.750857208259,62.9609933208184,83.3812363121686,240.981141656973,319.138953492849
"324","Genital herpes","SARIMA","2018-2019",2019-12-01,140.686358208275,61.2115005953793,81.6456086788729,242.421505653233,323.348573281033
"325","Genital herpes","SARIMA","2017-2019",2017-01-01,204.228897714691,152.207425336915,168.512004089717,247.516151072247,274.030275260439
"326","Genital herpes","SARIMA","2017-2019",2017-02-01,170.13960262848,125.5535353287,139.479582917537,207.539223856809,230.558895110299
"327","Genital herpes","SARIMA","2017-2019",2017-03-01,183.428035221466,131.584389581851,147.617651408574,227.925615833588,255.697839326739
"328","Genital herpes","SARIMA","2017-2019",2017-04-01,183.428035221466,128.199558546371,145.123569993489,231.842726214059,262.44898568069
"329","Genital herpes","SARIMA","2017-2019",2017-05-01,198.499306078528,135.403921125452,154.57309209007,254.908367173619,290.995815971616
"330","Genital herpes","SARIMA","2017-2019",2017-06-01,194.262852381955,129.522249190611,149.032117461248,253.220959739676,291.363499718386
"331","Genital herpes","SARIMA","2017-2019",2017-07-01,178.250048780161,116.304445524408,134.828378653975,235.655729211672,273.188868635823
"332","Genital herpes","SARIMA","2017-2019",2017-08-01,192.345281554737,122.945643789431,143.545927888828,257.734286722672,300.919220852879
"333","Genital herpes","SARIMA","2017-2019",2017-09-01,193.785516000281,121.453753766553,142.772759327858,263.025148412663,309.194446831801
"334","Genital herpes","SARIMA","2017-2019",2017-10-01,196.158783219416,120.642619159321,142.748748676891,269.552403021175,318.944237967077
"335","Genital herpes","SARIMA","2017-2019",2017-11-01,190.892468737402,115.290024627287,137.275903918953,265.450334547961,316.071878191231
"336","Genital herpes","SARIMA","2017-2019",2017-12-01,170.694191277612,101.299234606302,121.351386223736,240.100322234464,287.628105475392
"337","Genital herpes","SARIMA","2017-2019",2018-01-01,201.366606240402,111.876316649613,137.116244580808,295.723604688431,362.440517556289
"338","Genital herpes","SARIMA","2017-2019",2018-02-01,185.014198928995,100.349940926004,124.016952299535,276.012699640146,341.108858555069
"339","Genital herpes","SARIMA","2017-2019",2018-03-01,191.580769577182,100.766406951079,125.863553256375,291.610957439151,364.240349361709
"340","Genital herpes","SARIMA","2017-2019",2018-04-01,191.580769577182,97.8537767100584,123.472698364684,297.257545659042,375.082010176644
"341","Genital herpes","SARIMA","2017-2019",2018-05-01,198.726641586243,98.6908554927043,125.746177258,314.063448585946,400.161472701659
"342","Genital herpes","SARIMA","2017-2019",2018-06-01,196.748272796792,95.1039063532094,122.314395436221,316.478552753063,407.027264524289
"343","Genital herpes","SARIMA","2017-2019",2018-07-01,189.053380975672,89.0346788237973,115.545790903934,309.324819006588,401.429884742613
"344","Genital herpes","SARIMA","2017-2019",2018-08-01,195.845187963543,89.9401145504806,117.742454836335,325.756225329176,426.45417831826
"345","Genital herpes","SARIMA","2017-2019",2018-09-01,196.52391852155,88.0774176320062,116.281404672704,332.139525315959,438.496627051769
"346","Genital herpes","SARIMA","2017-2019",2018-10-01,197.636478736914,86.5042361602282,115.143905801292,339.229223255066,451.540635017887
"347","Genital herpes","SARIMA","2017-2019",2018-11-01,195.157762977704,83.4763720254137,112.002035213069,340.052324745768,456.255483154759
"348","Genital herpes","SARIMA","2017-2019",2018-12-01,185.293642293491,77.5013733250302,104.794682277766,327.628588857058,443.008070713758
"349","Genital herpes","SARIMA","2017-2019",2019-01-01,200.052812988833,80.5682912621117,110.377559939547,362.583916573844,496.735469473279
"350","Genital herpes","SARIMA","2017-2019",2019-02-01,192.347306085995,75.5839440246809,104.433910843764,354.266979562691,489.488695462341
"351","Genital herpes","SARIMA","2017-2019",2019-03-01,195.483793545972,74.7879021803466,104.295703911818,366.399689592528,510.963838068002
"352","Genital herpes","SARIMA","2017-2019",2019-04-01,195.483793545972,72.8657746901294,102.535126046115,372.690950045133,524.442561705183
"353","Genital herpes","SARIMA","2017-2019",2019-05-01,198.832161235772,72.2574224852082,102.575801273588,385.414764991628,547.130342903955
"354","Genital herpes","SARIMA","2017-2019",2019-06-01,197.911703950046,70.1648730672617,100.462112660311,389.888700557707,558.242904862983
"355","Genital herpes","SARIMA","2017-2019",2019-07-01,194.28352901577,67.2337386162496,97.0740615815157,388.838058610797,561.41589659717
"356","Genital herpes","SARIMA","2017-2019",2019-08-01,197.489884343152,66.7471879907553,97.1630979922183,401.410156981565,584.328053239839
"357","Genital herpes","SARIMA","2017-2019",2019-09-01,197.807007971565,65.3259145311688,95.8584850656191,408.181001148498,598.960040337345
"358","Genital herpes","SARIMA","2017-2019",2019-10-01,198.32556229626,64.0300230462313,94.6965803993611,415.358490182536,614.290402983742
"359","Genital herpes","SARIMA","2017-2019",2019-11-01,197.168097128521,62.2581296622996,92.7866228580376,418.974819083139,624.420597537204
"360","Genital herpes","SARIMA","2017-2019",2019-12-01,192.481985539062,59.4684103932411,89.2999404097632,414.886220383289,623.008325127022
"361","Genital herpes","Hybrid","2019",2019-01-01,192.978709803642,131.098430276248,145.011940235924,243.678768885299,265.138168841226
"362","Genital herpes","Hybrid","2019",2019-02-01,168.172248277734,116.51676882901,129.548126232683,216.163985376591,235.37774813626
"363","Genital herpes","Hybrid","2019",2019-03-01,184.406019331189,122.231297623185,136.921477127336,246.029647019029,273.086702859019
"364","Genital herpes","Hybrid","2019",2019-04-01,177.720024595298,119.373894988416,135.011745285436,233.641271575702,257.706555935441
"365","Genital herpes","Hybrid","2019",2019-05-01,177.193269526313,119.101802848113,135.746313175047,230.951334244198,259.985105656023
"366","Genital herpes","Hybrid","2019",2019-06-01,185.365409603643,114.634084297699,131.608648238621,258.597416337959,289.827216035414
"367","Genital herpes","Hybrid","2019",2019-07-01,177.258944404883,114.672852834481,132.566493327252,238.476800909712,271.853853649402
"368","Genital herpes","Hybrid","2019",2019-08-01,180.95998721494,113.366382323893,131.923798072966,248.068206410043,282.700698890912
"369","Genital herpes","Hybrid","2019",2019-09-01,181.51480232211,108.948086438309,127.586445183231,257.612387006834,297.055259663508
"370","Genital herpes","Hybrid","2019",2019-10-01,171.584682410542,104.121684241165,122.677916578417,237.246112456727,274.793020282164
"371","Genital herpes","Hybrid","2019",2019-11-01,163.549528687081,101.019069276393,117.916593177209,230.521368865925,273.200970894716
"372","Genital herpes","Hybrid","2019",2019-12-01,149.580206702825,89.0299439613247,105.889570778181,217.757173349772,245.477091094096
"373","Genital herpes","Hybrid","2018-2019",2018-01-01,168.461251351224,113.801506087527,125.917079727206,222.421141484857,242.979709097855
"374","Genital herpes","Hybrid","2018-2019",2018-02-01,161.99819896681,114.627311990808,128.31664161386,202.05737509417,221.572435578879
"375","Genital herpes","Hybrid","2018-2019",2018-03-01,175.651387068942,114.503729109542,128.407198843239,240.664464608371,267.275738037886
"376","Genital herpes","Hybrid","2018-2019",2018-04-01,165.072082732901,105.104128821964,118.883941395999,219.630794607636,243.989450986141
"377","Genital herpes","Hybrid","2018-2019",2018-05-01,168.57566863035,114.723492152125,130.811335208252,223.112709611095,251.330596397839
"378","Genital herpes","Hybrid","2018-2019",2018-06-01,178.084736954558,107.408928133514,123.401754059591,245.677652575019,277.355687670731
"379","Genital herpes","Hybrid","2018-2019",2018-07-01,164.067372164257,98.6849061444786,114.195588038223,227.080290904578,259.066878088137
"380","Genital herpes","Hybrid","2018-2019",2018-08-01,166.861620375652,100.40172361324,116.979865532785,228.585801968248,262.329550325401
"381","Genital herpes","Hybrid","2018-2019",2018-09-01,170.66625224583,95.4375834916837,111.926596285352,250.516872391206,289.131112747215
"382","Genital herpes","Hybrid","2018-2019",2018-10-01,158.378321644838,88.878460917576,104.891904948881,216.720513237549,251.492005578357
"383","Genital herpes","Hybrid","2018-2019",2018-11-01,152.501365007133,91.5389531217407,108.688348228026,212.880000101753,246.89871402039
"384","Genital herpes","Hybrid","2018-2019",2018-12-01,145.089438163285,83.6124492412373,99.8596051275847,210.692862638862,235.733029943965
"385","Genital herpes","Hybrid","2018-2019",2019-01-01,166.805835980564,80.8353672325529,98.4970413167772,256.59627946178,302.346149160248
"386","Genital herpes","Hybrid","2018-2019",2019-02-01,159.863653801834,80.595990080123,99.0051865725801,228.818534397471,270.908027921263
"387","Genital herpes","Hybrid","2018-2019",2019-03-01,172.260727936497,78.8943666493954,97.8550220004637,273.974541846291,325.881919600105
"388","Genital herpes","Hybrid","2018-2019",2019-04-01,163.27829515257,74.5726005907568,93.3531543910351,242.357205564663,289.578956520021
"389","Genital herpes","Hybrid","2018-2019",2019-05-01,162.591003850671,75.0152587348705,94.7443342722772,251.47718239311,301.809674069106
"390","Genital herpes","Hybrid","2018-2019",2019-06-01,173.185766517706,72.6194699130116,92.5059007506578,274.577536375361,330.957399395713
"391","Genital herpes","Hybrid","2018-2019",2019-07-01,161.663441586783,69.8165310946654,89.6727770072334,253.943526621102,307.379211611074
"392","Genital herpes","Hybrid","2018-2019",2019-08-01,162.858841006253,68.455055145293,88.6297019838149,254.767104499649,309.650242577977
"393","Genital herpes","Hybrid","2018-2019",2019-09-01,167.621903078639,66.5074475966475,86.7783135723975,278.353691132895,339.686833719139
"394","Genital herpes","Hybrid","2018-2019",2019-10-01,156.819349907773,63.593226549129,83.6033266602183,240.124695237868,308.973559849841
"395","Genital herpes","Hybrid","2018-2019",2019-11-01,149.839256013319,62.9609933208184,83.3812363121686,240.981141656973,319.138953492849
"396","Genital herpes","Hybrid","2018-2019",2019-12-01,144.699386231415,61.2115005953793,81.6456086788729,242.421505653233,323.348573281033
"397","Genital herpes","Hybrid","2017-2019",2017-01-01,186.106938916717,126.274594891653,138.175860370174,247.516151072247,274.030275260439
"398","Genital herpes","Hybrid","2017-2019",2017-02-01,170.376214045845,122.260984458904,135.540038878534,214.54365610576,236.834260383748
"399","Genital herpes","Hybrid","2017-2019",2017-03-01,183.650424564029,122.09192865879,133.407943121375,259.90825994471,289.296973114122
"400","Genital herpes","Hybrid","2017-2019",2017-04-01,177.135934501624,121.953497669442,134.713893920625,236.794754372631,263.599943393389
"401","Genital herpes","Hybrid","2017-2019",2017-05-01,177.222696487432,121.504672928887,134.407542716942,254.908367173619,290.995815971616
"402","Genital herpes","Hybrid","2017-2019",2017-06-01,185.864334459792,123.066648157579,135.982302461816,262.389043280755,295.529864388903
"403","Genital herpes","Hybrid","2017-2019",2017-07-01,174.417036669203,116.304445524408,134.741494715584,246.618090459171,282.337302296924
"404","Genital herpes","Hybrid","2017-2019",2017-08-01,177.290907755264,122.292338980858,135.145821572136,257.734286722672,300.919220852879
"405","Genital herpes","Hybrid","2017-2019",2017-09-01,183.165254008145,121.425844675373,134.647885874973,270.965536374057,313.977067770673
"406","Genital herpes","Hybrid","2017-2019",2017-10-01,174.969312303709,115.288219974492,134.348948269433,269.552403021175,318.944237967077
"407","Genital herpes","Hybrid","2017-2019",2017-11-01,165.589348958014,104.026822233707,120.523588597696,265.450334547961,316.071878191231
"408","Genital herpes","Hybrid","2017-2019",2017-12-01,158.257423454586,93.5617901961413,110.210721348723,240.100322234464,287.628105475392
"409","Genital herpes","Hybrid","2017-2019",2018-01-01,182.606464185905,111.876316649613,136.936627844523,295.723604688431,362.440517556289
"410","Genital herpes","Hybrid","2017-2019",2018-02-01,171.765708470525,100.349940926004,124.016952299535,276.012699640146,341.108858555069
"411","Genital herpes","Hybrid","2017-2019",2018-03-01,184.224157117374,100.766406951079,125.863553256375,297.540545676942,364.240349361709
"412","Genital herpes","Hybrid","2017-2019",2018-04-01,178.307643460591,97.8537767100584,123.472698364684,297.257545659042,375.082010176644
"413","Genital herpes","Hybrid","2017-2019",2018-05-01,176.23881383342,98.6908554927043,125.746177258,314.063448585946,400.161472701659
"414","Genital herpes","Hybrid","2017-2019",2018-06-01,185.875049016646,95.1039063532094,122.314395436221,316.478552753063,407.027264524289
"415","Genital herpes","Hybrid","2017-2019",2018-07-01,175.942540933863,89.0346788237973,115.545790903934,309.324819006588,401.429884742613
"416","Genital herpes","Hybrid","2017-2019",2018-08-01,177.712788341373,89.9401145504806,117.742454836335,325.756225329176,426.45417831826
"417","Genital herpes","Hybrid","2017-2019",2018-09-01,183.459689431561,88.0774176320062,116.281404672704,332.139525315959,438.496627051769
"418","Genital herpes","Hybrid","2017-2019",2018-10-01,174.874757783162,86.5042361602282,115.143905801292,339.229223255066,451.540635017887
"419","Genital herpes","Hybrid","2017-2019",2018-11-01,166.421939675041,83.4763720254137,109.861226740646,340.052324745768,456.255483154759
"420","Genital herpes","Hybrid","2017-2019",2018-12-01,160.910747341408,77.5013733250302,99.5844593921489,327.628588857058,443.008070713758
"421","Genital herpes","Hybrid","2017-2019",2019-01-01,183.225252701412,80.5682912621117,110.377559939547,362.583916573844,496.735469473279
"422","Genital herpes","Hybrid","2017-2019",2019-02-01,173.871582961296,75.5839440246809,104.433910843764,354.266979562691,489.488695462341
"423","Genital herpes","Hybrid","2017-2019",2019-03-01,185.820001241311,74.7879021803466,104.295703911818,366.399689592528,510.963838068002
"424","Genital herpes","Hybrid","2017-2019",2019-04-01,179.496795420655,72.8657746901294,102.535126046115,372.690950045133,524.442561705183
"425","Genital herpes","Hybrid","2017-2019",2019-05-01,176.935737104045,72.2574224852082,102.575801273588,385.414764991628,547.130342903955
"426","Genital herpes","Hybrid","2017-2019",2019-06-01,186.485478146397,70.1648730672617,100.462112660311,389.888700557707,558.242904862983
"427","Genital herpes","Hybrid","2017-2019",2019-07-01,177.34437684709,67.2337386162496,97.0740615815157,388.838058610797,561.41589659717
"428","Genital herpes","Hybrid","2017-2019",2019-08-01,178.266046479877,66.7471879907553,97.1630979922183,401.410156981565,584.328053239839
"429","Genital herpes","Hybrid","2017-2019",2019-09-01,183.933961526952,65.3259145311688,95.8584850656191,408.181001148498,598.960040337345
"430","Genital herpes","Hybrid","2017-2019",2019-10-01,175.213517610173,64.0300230462313,94.6965803993611,415.358490182536,614.290402983742
"431","Genital herpes","Hybrid","2017-2019",2019-11-01,166.841188450178,62.2581296622996,92.7866228580376,418.974819083139,624.420597537204
"432","Genital herpes","Hybrid","2017-2019",2019-12-01,162.216976375456,59.4684103932411,89.2999404097632,414.886220383289,623.008325127022
