"","disease","Method","split","date","mean","lower_95","lower_80","upper_80","upper_95"
"1","Scarlet fever","Hybrid","2019",2019-01-01,256.351049063399,137.186854325772,164.245340021925,360.831544437873,420.544582486001
"2","Scarlet fever","Hybrid","2019",2019-02-01,365.897593216181,142.330907650976,196.248531905509,582.424047130441,658.595076327326
"3","Scarlet fever","Hybrid","2019",2019-03-01,366.097395552553,115.307027230953,171.750045484812,612.081140505204,670.490588029576
"4","Scarlet fever","Hybrid","2019",2019-04-01,196.36190049093,58.4350932102652,94.0695942229688,352.779528697321,431.539004978196
"5","Scarlet fever","Hybrid","2019",2019-05-01,242.221364651154,64.2373142825037,112.008337259925,411.591910879189,560.806911903104
"6","Scarlet fever","Hybrid","2019",2019-06-01,323.335599261736,71.585350473917,135.676338907081,633.038216561878,887.824547342981
"7","Scarlet fever","Hybrid","2019",2019-07-01,295.304496115107,58.1975398036706,120.46289686569,557.912701415852,774.570160442486
"8","Scarlet fever","Hybrid","2019",2019-08-01,287.1605019501,45.3686017416441,103.170444233888,598.24114856867,878.04647212556
"9","Scarlet fever","Hybrid","2019",2019-09-01,231.587390481892,32.3784868546145,81.484263366635,470.000220699848,704.343478272125
"10","Scarlet fever","Hybrid","2019",2019-10-01,172.796718033439,21.0172113603636,59.0545211663972,403.835985052085,617.292149958499
"11","Scarlet fever","Hybrid","2019",2019-11-01,173.155732769761,16.338774120734,51.8108932195209,365.615570517379,566.945273124258
"12","Scarlet fever","Hybrid","2019",2019-12-01,161.148552958265,11.1396033161185,40.390689041044,354.604453071542,562.51173162976
"13","Scarlet fever","Hybrid","2018-2019",2018-01-01,188.114793725068,80.7140326580339,103.698086253962,345.080996899756,401.121416596899
"14","Scarlet fever","Hybrid","2018-2019",2018-02-01,228.557978149648,92.0761713964213,120.562851574154,452.582058878139,541.725686298083
"15","Scarlet fever","Hybrid","2018-2019",2018-03-01,255.811083723931,107.406511835795,142.088504284894,510.112591096495,624.472955828241
"16","Scarlet fever","Hybrid","2018-2019",2018-04-01,189.46950251134,59.8835118450297,87.9371471854137,410.997403729528,514.659187056309
"17","Scarlet fever","Hybrid","2018-2019",2018-05-01,204.124377970806,58.8579849202299,89.1297500622105,453.952572723957,574.981014369192
"18","Scarlet fever","Hybrid","2018-2019",2018-06-01,247.888953696399,83.9317600216966,127.205151115854,634.127384807628,814.234020267371
"19","Scarlet fever","Hybrid","2018-2019",2018-07-01,240.638520185093,68.886028788194,124.598406402817,629.160288198934,817.70968053012
"20","Scarlet fever","Hybrid","2018-2019",2018-08-01,240.396267698271,56.3871889533271,120.88464398185,621.998867676572,817.271821843799
"21","Scarlet fever","Hybrid","2018-2019",2018-09-01,215.462062814046,40.0653491654667,93.3324999683746,534.307278374696,709.05436485417
"22","Scarlet fever","Hybrid","2018-2019",2018-10-01,182.941433598798,26.2219964162377,69.8595843468733,423.932877414946,574.447936397251
"23","Scarlet fever","Hybrid","2018-2019",2018-11-01,170.705128274052,20.3124715612247,60.0457164165624,399.896548612939,540.069467010568
"24","Scarlet fever","Hybrid","2018-2019",2018-12-01,161.534163124987,14.6575659493779,48.4811465365918,353.612398628106,502.305762456982
"25","Scarlet fever","Hybrid","2018-2019",2019-01-01,210.3998909152,22.6645233455819,81.5893306670633,675.638280675508,926.394269070359
"26","Scarlet fever","Hybrid","2018-2019",2019-02-01,247.842531003127,22.6194282083978,89.7179140682459,842.01899766644,1162.48511204006
"27","Scarlet fever","Hybrid","2018-2019",2019-03-01,258.829472406851,19.3966945291643,96.2176110962747,913.805569320412,1269.78957406342
"28","Scarlet fever","Hybrid","2018-2019",2019-04-01,197.074028969079,9.7507059158832,57.1262997978233,591.278681745868,826.666278430952
"29","Scarlet fever","Hybrid","2018-2019",2019-05-01,217.067371167137,9.65264237374579,68.2843545194844,769.807198812839,1082.53924804285
"30","Scarlet fever","Hybrid","2018-2019",2019-06-01,262.698096576727,9.76334924298084,85.7824511773605,1052.9342304663,1488.89435415469
"31","Scarlet fever","Hybrid","2018-2019",2019-07-01,250.565167505083,6.77939392514484,76.7715458944794,1025.80624124627,1458.20270998812
"32","Scarlet fever","Hybrid","2018-2019",2019-08-01,249.66774117588,4.46928108618843,68.6126553522577,997.997542028852,1425.84080809758
"33","Scarlet fever","Hybrid","2018-2019",2019-09-01,224.414282393284,2.38438936294365,53.3673852753186,845.149055216345,1213.30995679723
"34","Scarlet fever","Hybrid","2018-2019",2019-10-01,197.561489756098,1.05054772572336,38.3827430014499,662.016781388483,986.965908283523
"35","Scarlet fever","Hybrid","2018-2019",2019-11-01,187.435678274038,0.451293158979297,32.8435015645145,617.264902621963,894.246696062081
"36","Scarlet fever","Hybrid","2018-2019",2019-12-01,180.186479341134,0.116531650312822,26.3542256383704,540.063267001135,836.914525075249
"37","Scarlet fever","Hybrid","2017-2019",2017-01-01,122.920165776729,44.7543253528426,59.0351601501322,225.489769743504,261.708662810162
"38","Scarlet fever","Hybrid","2017-2019",2017-02-01,139.269732645038,41.8417707173504,58.8021844182466,275.754024568511,328.954765176735
"39","Scarlet fever","Hybrid","2017-2019",2017-03-01,151.448874185042,41.0842144639903,67.2480219823075,327.756731738352,399.450209320023
"40","Scarlet fever","Hybrid","2017-2019",2017-04-01,114.611193106011,35.7621909297806,56.4207832493834,221.946534501387,275.328826356553
"41","Scarlet fever","Hybrid","2017-2019",2017-05-01,131.242488969134,38.5381046962674,54.2690118778731,315.446828969789,397.304596059225
"42","Scarlet fever","Hybrid","2017-2019",2017-06-01,158.991560515446,40.4083750120218,59.3176334295088,440.719356930806,562.533341713763
"43","Scarlet fever","Hybrid","2017-2019",2017-07-01,163.085384740319,47.1028187361131,70.2768619865529,450.29255902371,581.635246072824
"44","Scarlet fever","Hybrid","2017-2019",2017-08-01,168.410104520546,43.1149913760666,75.8159992694811,425.39505918039,555.425979066179
"45","Scarlet fever","Hybrid","2017-2019",2017-09-01,155.839186381647,31.7189241062224,65.4936758180707,373.510322757697,492.507505759334
"46","Scarlet fever","Hybrid","2017-2019",2017-10-01,135.588468429095,21.9554993143637,54.5447211536611,309.246805532674,411.488722628719
"47","Scarlet fever","Hybrid","2017-2019",2017-11-01,125.902460211527,17.5229745209278,43.8601520909791,296.315389443683,397.618677161317
"48","Scarlet fever","Hybrid","2017-2019",2017-12-01,110.603610990511,11.9351822619862,35.9765324295585,243.575350903979,329.430176909372
"49","Scarlet fever","Hybrid","2017-2019",2018-01-01,143.363245733047,18.7458692819232,55.1935518131606,464.930864609237,633.470725060729
"50","Scarlet fever","Hybrid","2017-2019",2018-02-01,154.854227743434,17.8300306701996,60.4221879586832,542.130555121777,743.815245045225
"51","Scarlet fever","Hybrid","2017-2019",2018-03-01,164.332848030967,16.493486309809,58.6668546181105,621.604997478857,858.491583372287
"52","Scarlet fever","Hybrid","2017-2019",2018-04-01,125.627908882163,8.63453423612272,42.5083739550733,408.937418177568,568.321400629854
"53","Scarlet fever","Hybrid","2017-2019",2018-05-01,143.480273626752,9.37027781332665,48.3100860106185,567.355748022827,793.192516335512
"54","Scarlet fever","Hybrid","2017-2019",2018-06-01,172.406139999953,9.81477103512457,57.5487099940021,776.455088073016,1091.7135971433
"55","Scarlet fever","Hybrid","2017-2019",2018-07-01,171.540730085047,7.32974028258917,57.8624485720386,779.140624950146,1101.46764898263
"56","Scarlet fever","Hybrid","2017-2019",2018-08-01,171.397691692844,4.88783373966032,54.4801849115075,724.39803879997,1029.43877770716
"57","Scarlet fever","Hybrid","2017-2019",2018-09-01,156.27818907505,2.88499843577154,43.3446664991511,627.009542604263,895.523396267949
"58","Scarlet fever","Hybrid","2017-2019",2018-10-01,138.44980106237,1.49523274109721,32.5431415015924,512.458187919957,735.461958628669
"59","Scarlet fever","Hybrid","2017-2019",2018-11-01,130.276726439441,0.802138899431518,28.2873444667609,485.274014171286,699.702938614929
"60","Scarlet fever","Hybrid","2017-2019",2018-12-01,117.803635845265,0.303188039583609,21.0943899843722,394.610314755279,571.546499573482
"61","Scarlet fever","Hybrid","2017-2019",2019-01-01,155.595603263528,0.171574380232646,36.5158236683924,745.740726031447,1084.83746137465
"62","Scarlet fever","Hybrid","2017-2019",2019-02-01,169.380909259486,0.01,38.5936488607523,861.556695218742,1258.62104386708
"63","Scarlet fever","Hybrid","2017-2019",2019-03-01,177.272867915618,0.01,40.0748419071647,979.379207534654,1436.61892961431
"64","Scarlet fever","Hybrid","2017-2019",2019-04-01,138.617824335441,0.01,23.8487596765068,639.135824970389,941.266003870902
"65","Scarlet fever","Hybrid","2017-2019",2019-05-01,159.764518484606,0.01,29.8883500239503,880.051605943036,1301.09228441208
"66","Scarlet fever","Hybrid","2017-2019",2019-06-01,189.855467564411,0.01,36.8861228358521,1195.85622264641,1774.65904644189
"67","Scarlet fever","Hybrid","2017-2019",2019-07-01,185.388113335256,0.01,33.3117035789725,1191.96231945528,1775.38467193183
"68","Scarlet fever","Hybrid","2017-2019",2019-08-01,182.451377133671,0.01,27.8093313409336,1101.19791012973,1646.07558587787
"69","Scarlet fever","Hybrid","2017-2019",2019-09-01,164.082305596623,0.01,21.5561518190684,947.42890667682,1421.17722438563
"70","Scarlet fever","Hybrid","2017-2019",2019-10-01,146.765905979269,0.01,15.730089898635,769.920070844263,1158.85556302377
"71","Scarlet fever","Hybrid","2017-2019",2019-11-01,138.012777567496,0.01,13.2541278888322,725.117375446038,1095.06730330569
"72","Scarlet fever","Hybrid","2017-2019",2019-12-01,124.991746077964,0.01,9.55306477955527,586.588356946675,888.75756576035
"73","Scarlet fever","ETS","2019",2019-01-01,260.501327164501,138.601723763156,176.479018146338,360.831544437873,420.544582486001
"74","Scarlet fever","ETS","2019",2019-02-01,321.681546514637,142.330907650976,196.248531905509,477.951086444151,573.157786641241
"75","Scarlet fever","ETS","2019",2019-03-01,308.956346013486,115.307027230953,171.750045484812,486.156814744048,596.150686441676
"76","Scarlet fever","ETS","2019",2019-04-01,184.424523049076,58.4350932102652,94.0695942229688,304.90922272351,380.886479081155
"77","Scarlet fever","ETS","2019",2019-05-01,238.256623975832,64.2373142825037,112.008337259925,411.591910879189,522.410852078495
"78","Scarlet fever","ETS","2019",2019-06-01,312.186287837101,71.585350473917,135.676338907081,561.195712323525,722.361073467059
"79","Scarlet fever","ETS","2019",2019-07-01,299.216216524986,58.1975398036706,120.46289686569,557.912701415852,727.219282676774
"80","Scarlet fever","ETS","2019",2019-08-01,276.256356267142,45.3686017416441,103.170444233888,532.900485062153,702.583984831131
"81","Scarlet fever","ETS","2019",2019-09-01,235.007437259582,32.3784868546145,81.484263366635,467.988469568462,623.485660686443
"82","Scarlet fever","ETS","2019",2019-10-01,183.363775200269,21.0172113603636,59.0545211663972,376.270076633977,506.156538382384
"83","Scarlet fever","ETS","2019",2019-11-01,173.173164241064,16.338774120734,51.8108932195209,365.615570517379,496.261613138647
"84","Scarlet fever","ETS","2019",2019-12-01,145.348487417779,11.1396033161185,40.390689041044,315.301998215113,431.580168807495
"85","Scarlet fever","ETS","2018-2019",2018-01-01,250.718879873847,135.49411930339,171.396642808033,345.080996899756,401.121416596899
"86","Scarlet fever","ETS","2018-2019",2018-02-01,306.038268071151,137.191970747428,188.071679825853,452.582058878139,541.725686298083
"87","Scarlet fever","ETS","2018-2019",2018-03-01,325.6153474872,123.213841892377,182.356873504186,510.112591096495,624.472955828241
"88","Scarlet fever","ETS","2018-2019",2018-04-01,206.734498454338,66.6236528738634,106.376210777705,340.131162590626,424.121001462038
"89","Scarlet fever","ETS","2018-2019",2018-05-01,264.306410171599,72.8674728389893,125.638174957009,453.952572723957,574.981014369192
"90","Scarlet fever","ETS","2018-2019",2018-06-01,355.251137129304,83.9317600216966,156.608403682964,634.127384807628,814.234020267371
"91","Scarlet fever","ETS","2018-2019",2018-07-01,340.317344140226,68.886028788194,139.530820118737,629.160288198934,817.70968053012
"92","Scarlet fever","ETS","2018-2019",2018-08-01,325.750278789826,56.3871889533271,124.483147912751,621.998867676572,817.271821843799
"93","Scarlet fever","ETS","2018-2019",2018-09-01,271.554050726948,40.0653491654667,96.8788729801991,534.307278374696,709.05436485417
"94","Scarlet fever","ETS","2018-2019",2018-10-01,209.494287068224,26.2219964162377,69.8595843468733,423.932877414946,567.730368735234
"95","Scarlet fever","ETS","2018-2019",2018-11-01,192.464716281712,20.3124715612247,60.0457164165624,399.896548612939,540.069467010568
"96","Scarlet fever","ETS","2018-2019",2018-12-01,165.990046728081,14.6575659493779,48.4811465365918,353.612398628106,481.315545804319
"97","Scarlet fever","ETS","2018-2019",2019-01-01,309.715171771447,22.6645233455819,84.7211619945737,675.638280675508,926.394269070359
"98","Scarlet fever","ETS","2018-2019",2019-02-01,377.354412879173,22.6194282083978,96.7008881768747,842.01899766644,1162.48511204006
"99","Scarlet fever","ETS","2018-2019",2019-03-01,400.765861277165,19.3966945291643,96.2176110962747,913.805569320412,1269.78957406342
"100","Scarlet fever","ETS","2018-2019",2019-04-01,253.994611900427,9.7507059158832,57.1262997978233,591.278681745868,826.666278430952
"101","Scarlet fever","ETS","2018-2019",2019-05-01,324.159038472759,9.65264237374579,68.2843545194844,769.807198812839,1082.53924804285
"102","Scarlet fever","ETS","2018-2019",2019-06-01,434.94832827269,9.76334924298084,85.7824511773605,1052.9342304663,1488.89435415469
"103","Scarlet fever","ETS","2018-2019",2019-07-01,415.959031672753,6.77939392514484,76.7715458944794,1025.80624124627,1458.20270998812
"104","Scarlet fever","ETS","2018-2019",2019-08-01,397.491440155336,4.46928108618843,68.6126553522577,997.997542028852,1425.84080809758
"105","Scarlet fever","ETS","2018-2019",2019-09-01,330.816909851513,2.38438936294365,53.3673852753186,845.149055216345,1213.30995679723
"106","Scarlet fever","ETS","2018-2019",2019-10-01,254.802484540974,1.05054772572336,38.3827430014499,662.016781388483,954.816504269527
"107","Scarlet fever","ETS","2018-2019",2019-11-01,233.718991025367,0.451293158979297,32.8435015645145,617.264902621963,894.246696062081
"108","Scarlet fever","ETS","2018-2019",2019-12-01,201.255335426933,0.116531650312822,26.3542256383704,540.063267001135,785.766712785045
"109","Scarlet fever","ETS","2017-2019",2017-01-01,164.428187432667,89.6524706173382,112.988272672322,225.489769743504,261.708662810162
"110","Scarlet fever","ETS","2017-2019",2017-02-01,188.052148059457,86.2913036839994,117.084915631049,275.754024568511,328.954765176735
"111","Scarlet fever","ETS","2017-2019",2017-03-01,211.658765273885,83.0056473935039,120.844754302106,327.756731738352,399.450209320023
"112","Scarlet fever","ETS","2017-2019",2017-04-01,136.78768089367,46.2157634206027,72.137554944454,221.946534501387,275.328826356553
"113","Scarlet fever","ETS","2017-2019",2017-05-01,186.552579695954,54.5286168950287,91.3176632330794,315.446828969789,397.304596059225
"114","Scarlet fever","ETS","2017-2019",2017-06-01,251.11706623635,63.6095889536526,114.490649933849,440.719356930806,562.533341713763
"115","Scarlet fever","ETS","2017-2019",2017-07-01,247.98382593568,54.4332492653685,105.573702097679,450.29255902371,581.635246072824
"116","Scarlet fever","ETS","2017-2019",2017-08-01,227.009634849664,43.1149913760666,90.4129097639864,425.39505918039,555.425979066179
"117","Scarlet fever","ETS","2017-2019",2017-09-01,193.550223534203,31.7189241062224,72.2168638673285,373.510322757697,492.507505759334
"118","Scarlet fever","ETS","2017-2019",2017-10-01,155.885892065035,21.9554993143637,54.5447211536611,309.246805532674,411.488722628719
"119","Scarlet fever","ETS","2017-2019",2017-11-01,145.521074976358,17.5229745209278,47.7841681468404,296.315389443683,397.618677161317
"120","Scarlet fever","ETS","2017-2019",2017-12-01,116.693409915926,11.9351822619862,35.9765324295585,243.575350903979,329.430176909372
"121","Scarlet fever","ETS","2017-2019",2018-01-01,217.54029225062,18.7458692819232,62.9838862379065,464.930864609237,633.470725060729
"122","Scarlet fever","ETS","2017-2019",2018-02-01,247.992237278858,17.8300306701996,67.4343385671235,542.130555121777,743.815245045225
"123","Scarlet fever","ETS","2017-2019",2018-03-01,278.24315636742,16.493486309809,71.0520342675364,621.604997478857,858.491583372287
"124","Scarlet fever","ETS","2017-2019",2018-04-01,179.264654983651,8.63453423612272,42.977846726585,408.937418177568,568.321400629854
"125","Scarlet fever","ETS","2017-2019",2018-05-01,243.746481900685,9.37027781332665,54.8419340904197,567.355748022827,793.192516335512
"126","Scarlet fever","ETS","2017-2019",2018-06-01,327.138538483415,9.81477103512457,69.0394695736959,776.455088073016,1091.7135971433
"127","Scarlet fever","ETS","2017-2019",2018-07-01,322.125597428897,7.32974028258917,63.7223004928803,779.140624950146,1101.46764898263
"128","Scarlet fever","ETS","2017-2019",2018-08-01,294.048981456456,4.88783373966032,54.4801849115075,724.39803879997,1029.43877770716
"129","Scarlet fever","ETS","2017-2019",2018-09-01,250.016580755199,2.88499843577154,43.3446664991511,627.009542604263,895.523396267949
"130","Scarlet fever","ETS","2017-2019",2018-10-01,200.820060795131,1.49523274109721,32.5431415015924,512.458187919957,735.461958628669
"131","Scarlet fever","ETS","2017-2019",2018-11-01,186.971721513372,0.802138899431518,28.2873444667609,485.274014171286,699.702938614929
"132","Scarlet fever","ETS","2017-2019",2018-12-01,149.544330113211,0.303188039583609,21.0943899843722,394.610314755279,571.546499573482
"133","Scarlet fever","ETS","2017-2019",2019-01-01,278.073738160425,0.171574380232646,36.5158236683924,745.740726031447,1084.83746137465
"134","Scarlet fever","ETS","2017-2019",2019-02-01,316.21134398907,0.01,38.5936488607523,861.556695218742,1258.62104386708
"135","Scarlet fever","ETS","2017-2019",2019-03-01,353.919641536185,0.01,40.0748419071647,979.379207534654,1436.61892961431
"136","Scarlet fever","ETS","2017-2019",2019-04-01,227.476601956179,0.01,23.8487596765068,639.135824970389,941.266003870902
"137","Scarlet fever","ETS","2017-2019",2019-05-01,308.576434961043,0.01,29.8883500239503,880.051605943036,1301.09228441208
"138","Scarlet fever","ETS","2017-2019",2019-06-01,413.198085058285,0.01,36.8861228358521,1195.85622264641,1774.65904644189
"139","Scarlet fever","ETS","2017-2019",2019-07-01,405.950698677066,0.01,33.3117035789725,1191.96231945528,1775.38467193183
"140","Scarlet fever","ETS","2017-2019",2019-08-01,369.749778279415,0.01,27.8093313409336,1101.19791012973,1646.07558587787
"141","Scarlet fever","ETS","2017-2019",2019-09-01,313.700658033509,0.01,21.5561518190684,947.42890667682,1421.17722438563
"142","Scarlet fever","ETS","2017-2019",2019-10-01,251.437334436007,0.01,15.730089898635,769.920070844263,1158.85556302377
"143","Scarlet fever","ETS","2017-2019",2019-11-01,233.610215695689,0.01,13.2541278888322,725.117375446038,1095.06730330569
"144","Scarlet fever","ETS","2017-2019",2019-12-01,186.46434343833,0.01,9.55306477955527,586.588356946675,888.75756576035
"145","Scarlet fever","Bayesian structural","2019",2019-01-01,216.870562135078,114.50520804625,147.23223740157,297.437689813163,347.759131213019
"146","Scarlet fever","Bayesian structural","2019",2019-02-01,332.908618087712,174.838158001559,228.963503784464,466.925529244262,543.738482366527
"147","Scarlet fever","Bayesian structural","2019",2019-03-01,353.030165927256,153.671947821131,212.137929941004,528.799843513952,642.1093698561
"148","Scarlet fever","Bayesian structural","2019",2019-04-01,171.793124035137,24.1160188316852,59.3767097401628,327.403548776507,458.71809801399
"149","Scarlet fever","Bayesian structural","2019",2019-05-01,252.670301801601,37.1196432553148,89.510886623899,490.722494353363,699.111408036337
"150","Scarlet fever","Bayesian structural","2019",2019-06-01,346.071726568007,55.7118591277704,124.161785471777,693.818124821527,991.456400755289
"151","Scarlet fever","Bayesian structural","2019",2019-07-01,347.357671368028,22.741544055651,96.5895151661467,781.321791477651,1124.4952538214
"152","Scarlet fever","Bayesian structural","2019",2019-08-01,361.584950081287,11.7481833443941,76.8421221553167,873.155762118126,1373.25216644128
"153","Scarlet fever","Bayesian structural","2019",2019-09-01,325.715090296476,0.01,43.4863133433469,903.821320182284,1460.60807943134
"154","Scarlet fever","Bayesian structural","2019",2019-10-01,248.047342783052,0.01,6.3878586394519,839.347122200949,1475.99352131498
"155","Scarlet fever","Bayesian structural","2019",2019-11-01,277.99017960523,0.01,2.85945454833662,995.124398565014,1774.66362424693
"156","Scarlet fever","Bayesian structural","2019",2019-12-01,260.762394469567,0.01,0.01,1056.17155156054,1903.22871633292
"157","Scarlet fever","Bayesian structural","2018-2019",2018-01-01,200.318986956849,116.880976853966,145.746611696523,259.837813465431,293.667650632593
"158","Scarlet fever","Bayesian structural","2018-2019",2018-02-01,261.893885790167,143.230120146131,181.54354495919,365.184174612492,416.481797861344
"159","Scarlet fever","Bayesian structural","2018-2019",2018-03-01,284.368137337525,135.134942568825,184.3494987533,398.860654242282,484.249485377322
"160","Scarlet fever","Bayesian structural","2018-2019",2018-04-01,167.273583884453,58.4093525825932,88.8927332594969,275.270736377563,354.693965807824
"161","Scarlet fever","Bayesian structural","2018-2019",2018-05-01,208.414675470307,75.1647586033829,105.431794292426,341.069186572962,424.396656098617
"162","Scarlet fever","Bayesian structural","2018-2019",2018-06-01,277.386522015217,106.626836982114,134.753707992619,437.719631924715,548.252354156806
"163","Scarlet fever","Bayesian structural","2018-2019",2018-07-01,268.073318922149,90.6491500891052,124.368518437979,441.955843491195,545.423560252185
"164","Scarlet fever","Bayesian structural","2018-2019",2018-08-01,258.66339127619,79.7320069840424,118.598377111622,456.786226378745,543.949913655038
"165","Scarlet fever","Bayesian structural","2018-2019",2018-09-01,237.576831649508,59.245854680131,107.212777278852,430.555432051363,547.668848267438
"166","Scarlet fever","Bayesian structural","2018-2019",2018-10-01,185.691968320033,25.2915644992308,69.0277001518845,375.457963214185,477.203507849794
"167","Scarlet fever","Bayesian structural","2018-2019",2018-11-01,184.265327559502,19.3644103637344,54.6165480308981,376.418699865753,504.135556431979
"168","Scarlet fever","Bayesian structural","2018-2019",2018-12-01,168.88067625177,12.9037548378537,40.3169250790655,344.01830679757,515.856787430482
"169","Scarlet fever","Bayesian structural","2018-2019",2019-01-01,229.655426352062,29.0797490770313,71.968123589739,473.280678242703,604.50711123105
"170","Scarlet fever","Bayesian structural","2018-2019",2019-02-01,298.678979130653,50.8458736636142,107.581439466698,557.819755710086,745.032627782278
"171","Scarlet fever","Bayesian structural","2018-2019",2019-03-01,324.670342561977,50.5962005887547,128.167263221357,627.595400316709,830.520742034139
"172","Scarlet fever","Bayesian structural","2018-2019",2019-04-01,193.952003665222,8.23661913410434,39.7042950100377,431.258977162783,577.467409300313
"173","Scarlet fever","Bayesian structural","2018-2019",2019-05-01,245.424857558723,19.7662668832988,63.7491123048874,527.333931609189,686.683771848383
"174","Scarlet fever","Bayesian structural","2018-2019",2019-06-01,318.521845745365,37.8846160030763,92.378732388599,604.039750564035,849.649431164186
"175","Scarlet fever","Bayesian structural","2018-2019",2019-07-01,304.301290441499,35.4303718892646,91.3467948805958,620.526726470627,867.704679160837
"176","Scarlet fever","Bayesian structural","2018-2019",2019-08-01,302.291161591772,25.297757596948,84.5494221935136,624.787064312568,900.036509795039
"177","Scarlet fever","Bayesian structural","2018-2019",2019-09-01,277.002551892402,24.1467490298103,72.5027314872764,612.215349453355,831.359951542505
"178","Scarlet fever","Bayesian structural","2018-2019",2019-10-01,221.001882593132,7.55628766884034,43.9614505596026,514.969673252654,829.182940050024
"179","Scarlet fever","Bayesian structural","2018-2019",2019-11-01,221.41624039158,4.57805244957321,41.3494385646883,527.736834865677,804.074056446317
"180","Scarlet fever","Bayesian structural","2018-2019",2019-12-01,207.676893018737,0.140318841124018,29.8988777911248,529.006436850231,831.586935391263
"181","Scarlet fever","Bayesian structural","2017-2019",2017-01-01,145.061338686426,78.9111572061176,98.2710666299627,198.469610988512,230.982233551168
"182","Scarlet fever","Bayesian structural","2017-2019",2017-02-01,159.114312628984,74.7715790877475,99.6702922361373,228.138957558949,271.333725402827
"183","Scarlet fever","Bayesian structural","2017-2019",2017-03-01,176.718659695191,65.4038795621753,96.2077868928759,272.43204003788,322.016902396872
"184","Scarlet fever","Bayesian structural","2017-2019",2017-04-01,114.007080333409,17.8485233021688,44.634715170161,214.472515843494,276.028147822145
"185","Scarlet fever","Bayesian structural","2017-2019",2017-05-01,145.643611903328,15.6945761355438,49.6705861036821,284.551907490674,383.066621897118
"186","Scarlet fever","Bayesian structural","2017-2019",2017-06-01,182.282598218357,13.6351652996109,57.1596606409344,369.166221306286,500.480458335802
"187","Scarlet fever","Bayesian structural","2017-2019",2017-07-01,182.978527963067,3.36825761353235,42.5474778568643,404.680565866627,581.432663971287
"188","Scarlet fever","Bayesian structural","2017-2019",2017-08-01,175.356027275177,0.012321801198274,28.5195017165188,428.078913836835,644.89341030115
"189","Scarlet fever","Bayesian structural","2017-2019",2017-09-01,153.41246930276,0.01,13.6715818680675,438.285063870201,724.365760030741
"190","Scarlet fever","Bayesian structural","2017-2019",2017-10-01,122.034912763118,0.01,0.666396935650686,426.895240459523,763.609064663253
"191","Scarlet fever","Bayesian structural","2017-2019",2017-11-01,115.118049050528,0.01,0.01,465.935793044612,796.983741461965
"192","Scarlet fever","Bayesian structural","2017-2019",2017-12-01,95.2475741398241,0.01,0.01,467.713312892031,854.781690227163
"193","Scarlet fever","Bayesian structural","2017-2019",2018-01-01,149.325689974705,0.01,0.01,634.344555379053,1159.39738602526
"194","Scarlet fever","Bayesian structural","2017-2019",2018-02-01,162.075678446132,0.01,0.01,719.753013530227,1364.90706391971
"195","Scarlet fever","Bayesian structural","2017-2019",2018-03-01,183.127247600589,0.01,0.01,844.270990207941,1561.09287753945
"196","Scarlet fever","Bayesian structural","2017-2019",2018-04-01,118.875780648754,0.01,0.01,772.956951127953,1587.07876382058
"197","Scarlet fever","Bayesian structural","2017-2019",2018-05-01,152.484333638219,0.01,0.01,952.264904722931,2010.1877451164
"198","Scarlet fever","Bayesian structural","2017-2019",2018-06-01,189.546944021192,0.01,0.01,1148.21515697572,2404.35492172703
"199","Scarlet fever","Bayesian structural","2017-2019",2018-07-01,190.824848840223,0.01,0.01,1226.98164009285,2608.40764012544
"200","Scarlet fever","Bayesian structural","2017-2019",2018-08-01,185.841485835842,0.01,0.01,1325.38839394421,2879.8849595788
"201","Scarlet fever","Bayesian structural","2017-2019",2018-09-01,162.706513042899,0.01,0.01,1357.79082433089,3001.98416914328
"202","Scarlet fever","Bayesian structural","2017-2019",2018-10-01,130.094953578989,0.01,0.01,1353.9051094411,3121.82623084557
"203","Scarlet fever","Bayesian structural","2017-2019",2018-11-01,123.635635679083,0.01,0.01,1448.74689834866,3504.3711141144
"204","Scarlet fever","Bayesian structural","2017-2019",2018-12-01,104.550814024063,0.01,0.01,1514.78080662364,3685.50868827282
"205","Scarlet fever","Bayesian structural","2017-2019",2019-01-01,158.051813595683,0.01,0.01,1855.91504592056,4216.27578765998
"206","Scarlet fever","Bayesian structural","2017-2019",2019-02-01,173.125245102824,0.01,0.01,2084.74713464142,4895.03739492892
"207","Scarlet fever","Bayesian structural","2017-2019",2019-03-01,192.443637449637,0.01,0.01,2262.38167433463,5199.69688362547
"208","Scarlet fever","Bayesian structural","2017-2019",2019-04-01,127.185996457272,0.01,0.01,2147.03065762244,5216.79969947245
"209","Scarlet fever","Bayesian structural","2017-2019",2019-05-01,161.892009892675,0.01,0.01,2425.55536047614,6010.6320654557
"210","Scarlet fever","Bayesian structural","2017-2019",2019-06-01,200.516861012241,0.01,0.01,2828.52213020866,6959.66051820209
"211","Scarlet fever","Bayesian structural","2017-2019",2019-07-01,203.058533549939,0.01,0.01,2937.61348541872,7364.84538450955
"212","Scarlet fever","Bayesian structural","2017-2019",2019-08-01,197.409198507925,0.01,0.01,3185.21102220082,7792.22497097148
"213","Scarlet fever","Bayesian structural","2017-2019",2019-09-01,173.189224137003,0.01,0.01,3215.27128751245,8255.32769134206
"214","Scarlet fever","Bayesian structural","2017-2019",2019-10-01,138.177390857029,0.01,0.01,3239.63946336654,8495.54217611165
"215","Scarlet fever","Bayesian structural","2017-2019",2019-11-01,132.662844271729,0.01,0.01,3445.81274242819,9080.90840625141
"216","Scarlet fever","Bayesian structural","2017-2019",2019-12-01,108.974809140959,0.01,0.01,3572.47718134552,9668.00157137535
"217","Scarlet fever","Neural Network","2019",2019-01-01,250.25673525847,NA,NA,NA,NA
"218","Scarlet fever","Neural Network","2019",2019-02-01,479.893589407812,NA,NA,NA,NA
"219","Scarlet fever","Neural Network","2019",2019-03-01,505.965708750388,NA,NA,NA,NA
"220","Scarlet fever","Neural Network","2019",2019-04-01,268.884333373475,NA,NA,NA,NA
"221","Scarlet fever","Neural Network","2019",2019-05-01,290.204544616986,NA,NA,NA,NA
"222","Scarlet fever","Neural Network","2019",2019-06-01,361.743066775207,NA,NA,NA,NA
"223","Scarlet fever","Neural Network","2019",2019-07-01,345.086252923473,NA,NA,NA,NA
"224","Scarlet fever","Neural Network","2019",2019-08-01,318.223467552923,NA,NA,NA,NA
"225","Scarlet fever","Neural Network","2019",2019-09-01,249.732183210137,NA,NA,NA,NA
"226","Scarlet fever","Neural Network","2019",2019-10-01,193.381968751239,NA,NA,NA,NA
"227","Scarlet fever","Neural Network","2019",2019-11-01,190.96702547962,NA,NA,NA,NA
"228","Scarlet fever","Neural Network","2019",2019-12-01,187.501088894734,NA,NA,NA,NA
"229","Scarlet fever","Neural Network","2018-2019",2018-01-01,153.337779725925,NA,NA,NA,NA
"230","Scarlet fever","Neural Network","2018-2019",2018-02-01,181.352778198658,NA,NA,NA,NA
"231","Scarlet fever","Neural Network","2018-2019",2018-03-01,216.205599708673,NA,NA,NA,NA
"232","Scarlet fever","Neural Network","2018-2019",2018-04-01,203.927111459657,NA,NA,NA,NA
"233","Scarlet fever","Neural Network","2018-2019",2018-05-01,196.414958791082,NA,NA,NA,NA
"234","Scarlet fever","Neural Network","2018-2019",2018-06-01,199.623354417039,NA,NA,NA,NA
"235","Scarlet fever","Neural Network","2018-2019",2018-07-01,199.6047225475,NA,NA,NA,NA
"236","Scarlet fever","Neural Network","2018-2019",2018-08-01,198.768916690961,NA,NA,NA,NA
"237","Scarlet fever","Neural Network","2018-2019",2018-09-01,194.240654611823,NA,NA,NA,NA
"238","Scarlet fever","Neural Network","2018-2019",2018-10-01,182.417619109895,NA,NA,NA,NA
"239","Scarlet fever","Neural Network","2018-2019",2018-11-01,172.192146636566,NA,NA,NA,NA
"240","Scarlet fever","Neural Network","2018-2019",2018-12-01,169.037851486471,NA,NA,NA,NA
"241","Scarlet fever","Neural Network","2018-2019",2019-01-01,167.961754945124,NA,NA,NA,NA
"242","Scarlet fever","Neural Network","2018-2019",2019-02-01,171.181716021475,NA,NA,NA,NA
"243","Scarlet fever","Neural Network","2018-2019",2019-03-01,177.589007904056,NA,NA,NA,NA
"244","Scarlet fever","Neural Network","2018-2019",2019-04-01,181.12390987079,NA,NA,NA,NA
"245","Scarlet fever","Neural Network","2018-2019",2019-05-01,182.973735588642,NA,NA,NA,NA
"246","Scarlet fever","Neural Network","2018-2019",2019-06-01,184.688727106227,NA,NA,NA,NA
"247","Scarlet fever","Neural Network","2018-2019",2019-07-01,185.957817559178,NA,NA,NA,NA
"248","Scarlet fever","Neural Network","2018-2019",2019-08-01,186.810438206212,NA,NA,NA,NA
"249","Scarlet fever","Neural Network","2018-2019",2019-09-01,186.967875903696,NA,NA,NA,NA
"250","Scarlet fever","Neural Network","2018-2019",2019-10-01,185.75348043492,NA,NA,NA,NA
"251","Scarlet fever","Neural Network","2018-2019",2019-11-01,183.563167906715,NA,NA,NA,NA
"252","Scarlet fever","Neural Network","2018-2019",2019-12-01,181.492236886831,NA,NA,NA,NA
"253","Scarlet fever","Neural Network","2017-2019",2017-01-01,93.3130589849276,NA,NA,NA,NA
"254","Scarlet fever","Neural Network","2017-2019",2017-02-01,98.7779932229996,NA,NA,NA,NA
"255","Scarlet fever","Neural Network","2017-2019",2017-03-01,111.336072832612,NA,NA,NA,NA
"256","Scarlet fever","Neural Network","2017-2019",2017-04-01,101.203087552353,NA,NA,NA,NA
"257","Scarlet fever","Neural Network","2017-2019",2017-05-01,95.8643716669812,NA,NA,NA,NA
"258","Scarlet fever","Neural Network","2017-2019",2017-06-01,99.9671143750423,NA,NA,NA,NA
"259","Scarlet fever","Neural Network","2017-2019",2017-07-01,114.385916562004,NA,NA,NA,NA
"260","Scarlet fever","Neural Network","2017-2019",2017-08-01,128.530456294975,NA,NA,NA,NA
"261","Scarlet fever","Neural Network","2017-2019",2017-09-01,138.027856530006,NA,NA,NA,NA
"262","Scarlet fever","Neural Network","2017-2019",2017-10-01,128.767607776047,NA,NA,NA,NA
"263","Scarlet fever","Neural Network","2017-2019",2017-11-01,123.283222913318,NA,NA,NA,NA
"264","Scarlet fever","Neural Network","2017-2019",2017-12-01,115.672444061563,NA,NA,NA,NA
"265","Scarlet fever","Neural Network","2017-2019",2018-01-01,109.962382461018,NA,NA,NA,NA
"266","Scarlet fever","Neural Network","2017-2019",2018-02-01,106.689158562655,NA,NA,NA,NA
"267","Scarlet fever","Neural Network","2017-2019",2018-03-01,106.162280699397,NA,NA,NA,NA
"268","Scarlet fever","Neural Network","2017-2019",2018-04-01,104.329645318035,NA,NA,NA,NA
"269","Scarlet fever","Neural Network","2017-2019",2018-05-01,102.227123160641,NA,NA,NA,NA
"270","Scarlet fever","Neural Network","2017-2019",2018-06-01,101.343720493802,NA,NA,NA,NA
"271","Scarlet fever","Neural Network","2017-2019",2018-07-01,102.747048840461,NA,NA,NA,NA
"272","Scarlet fever","Neural Network","2017-2019",2018-08-01,105.788927844874,NA,NA,NA,NA
"273","Scarlet fever","Neural Network","2017-2019",2018-09-01,109.684737808592,NA,NA,NA,NA
"274","Scarlet fever","Neural Network","2017-2019",2018-10-01,110.881466818426,NA,NA,NA,NA
"275","Scarlet fever","Neural Network","2017-2019",2018-11-01,110.936975504868,NA,NA,NA,NA
"276","Scarlet fever","Neural Network","2017-2019",2018-12-01,109.856420900616,NA,NA,NA,NA
"277","Scarlet fever","Neural Network","2017-2019",2019-01-01,108.247538007186,NA,NA,NA,NA
"278","Scarlet fever","Neural Network","2017-2019",2019-02-01,106.618485894059,NA,NA,NA,NA
"279","Scarlet fever","Neural Network","2017-2019",2019-03-01,105.374092650649,NA,NA,NA,NA
"280","Scarlet fever","Neural Network","2017-2019",2019-04-01,104.220107608268,NA,NA,NA,NA
"281","Scarlet fever","Neural Network","2017-2019",2019-05-01,103.092374429854,NA,NA,NA,NA
"282","Scarlet fever","Neural Network","2017-2019",2019-06-01,102.160364224793,NA,NA,NA,NA
"283","Scarlet fever","Neural Network","2017-2019",2019-07-01,101.700053543253,NA,NA,NA,NA
"284","Scarlet fever","Neural Network","2017-2019",2019-08-01,101.806045686276,NA,NA,NA,NA
"285","Scarlet fever","Neural Network","2017-2019",2019-09-01,102.427663201339,NA,NA,NA,NA
"286","Scarlet fever","Neural Network","2017-2019",2019-10-01,103.038707299361,NA,NA,NA,NA
"287","Scarlet fever","Neural Network","2017-2019",2019-11-01,103.484046442626,NA,NA,NA,NA
"288","Scarlet fever","Neural Network","2017-2019",2019-12-01,103.651977221843,NA,NA,NA,NA
"289","Scarlet fever","ARIMA + Fourier","2019",2019-01-01,221.147629038056,145.617425143616,169.981834613486,279.035584861616,312.400743592867
"290","Scarlet fever","ARIMA + Fourier","2019",2019-02-01,248.97541049247,139.716466544722,173.987861134619,337.363715907984,389.578274612637
"291","Scarlet fever","ARIMA + Fourier","2019",2019-03-01,275.914059053924,150.307349584358,189.500278200919,378.513056448313,439.377448628965
"292","Scarlet fever","ARIMA + Fourier","2019",2019-04-01,171.89490935469,72.7388812849509,102.308290635922,259.434923989739,313.043329943356
"293","Scarlet fever","ARIMA + Fourier","2019",2019-05-01,214.543637701194,94.9241533618516,130.884807439074,318.769836227591,382.26950844577
"294","Scarlet fever","ARIMA + Fourier","2019",2019-06-01,258.960658363756,120.292727959142,162.347263507785,378.028408069016,450.148573677492
"295","Scarlet fever","ARIMA + Fourier","2019",2019-07-01,253.014887284155,110.350570730833,153.12800722691,377.851130293312,454.03492924226
"296","Scarlet fever","ARIMA + Fourier","2019",2019-08-01,239.584994340382,97.3615698254526,139.463758698132,366.630171566191,444.782617631161
"297","Scarlet fever","ARIMA + Fourier","2019",2019-09-01,208.12776101604,73.4346299270894,112.292063633953,333.29878838051,411.435247686339
"298","Scarlet fever","ARIMA + Fourier","2019",2019-10-01,165.500183148689,46.3400355572191,79.2813658263819,283.092957309401,358.042966347019
"299","Scarlet fever","ARIMA + Fourier","2019",2019-11-01,158.48550585222,39.8008761242117,71.9549991986172,278.742260085268,356.054700547805
"300","Scarlet fever","ARIMA + Fourier","2019",2019-12-01,145.545704002611,31.278163288093,61.3514590185048,265.551390878132,343.575009432029
"301","Scarlet fever","ARIMA + Fourier","2018-2019",2018-01-01,196.956970530142,129.550655647149,151.290454167544,248.637813487143,278.430594142184
"302","Scarlet fever","ARIMA + Fourier","2018-2019",2018-02-01,223.681765902462,126.709341512506,157.177395912415,301.888806590786,348.02634560907
"303","Scarlet fever","ARIMA + Fourier","2018-2019",2018-03-01,229.516899881394,122.07387937375,155.457090608056,317.958364775579,370.5981318293
"304","Scarlet fever","ARIMA + Fourier","2018-2019",2018-04-01,163.591912391387,71.3367346683405,98.9982649593837,244.322647395156,293.591198169854
"305","Scarlet fever","ARIMA + Fourier","2018-2019",2018-05-01,183.863308737079,78.837468856561,110.232313422966,276.227168846469,332.704692771771
"306","Scarlet fever","ARIMA + Fourier","2018-2019",2018-06-01,241.958064637371,113.476369582206,152.508836647884,351.958451401515,418.508232643749
"307","Scarlet fever","ARIMA + Fourier","2018-2019",2018-07-01,223.279957204008,95.0126881653956,133.302158127484,336.335613660791,405.525562715933
"308","Scarlet fever","ARIMA + Fourier","2018-2019",2018-08-01,225.926805328693,92.7203887643261,132.223953808906,344.579623775454,417.490359975308
"309","Scarlet fever","ARIMA + Fourier","2018-2019",2018-09-01,186.215538869115,63.7342135604772,98.8718826394661,300.978389158318,372.829441929089
"310","Scarlet fever","ARIMA + Fourier","2018-2019",2018-10-01,161.189163065493,46.7665170065649,78.6071155062808,273.108459580555,344.23065312052
"311","Scarlet fever","ARIMA + Fourier","2018-2019",2018-11-01,139.442565905708,32.6524096062648,61.2102493815907,249.433455465121,320.514962231379
"312","Scarlet fever","ARIMA + Fourier","2018-2019",2018-12-01,135.3182982077,28.6578872588998,56.6527798438168,247.699582870519,320.838758759558
"313","Scarlet fever","ARIMA + Fourier","2018-2019",2019-01-01,186.732209076596,51.3758636603256,88.6731269595495,320.888390367201,406.518462035653
"314","Scarlet fever","ARIMA + Fourier","2018-2019",2019-02-01,223.954183680619,68.7416976542286,112.385023041797,373.610915179817,468.252223945295
"315","Scarlet fever","ARIMA + Fourier","2018-2019",2019-03-01,229.263769360665,68.3067094008574,113.316981814271,385.646028967305,484.798045929509
"316","Scarlet fever","ARIMA + Fourier","2018-2019",2019-04-01,163.788174775485,33.0824810357347,67.0873683241193,302.943177701404,393.792814004334
"317","Scarlet fever","ARIMA + Fourier","2018-2019",2019-05-01,183.672442229943,39.8966727627632,77.811526750642,334.307474682631,432.173373633184
"318","Scarlet fever","ARIMA + Fourier","2018-2019",2019-06-01,242.159123940652,66.6188929190092,114.987878665518,416.147166290669,527.202277329453
"319","Scarlet fever","ARIMA + Fourier","2018-2019",2019-07-01,223.10275399126,54.1386067457788,99.6235375929053,395.695246125286,506.941210375785
"320","Scarlet fever","ARIMA + Fourier","2018-2019",2019-08-01,226.090473569448,53.290616465148,99.55718587728,403.800007940423,518.589859843767
"321","Scarlet fever","ARIMA + Fourier","2018-2019",2019-09-01,186.079206389127,32.8856647683424,71.7631607393942,353.84832146344,464.297689424077
"322","Scarlet fever","ARIMA + Fourier","2018-2019",2019-10-01,161.30562559494,21.5459266601292,55.2229170644812,322.921546095525,430.95564977855
"323","Scarlet fever","ARIMA + Fourier","2018-2019",2019-11-01,139.343179007803,12.8389193147393,41.3294632702012,295.1504361338,401.024598852469
"324","Scarlet fever","ARIMA + Fourier","2018-2019",2019-12-01,135.408191692557,10.6773173732281,37.9996063094242,292.70498225366,400.215574702183
"325","Scarlet fever","ARIMA + Fourier","2017-2019",2017-01-01,133.979897907375,82.4576536524934,98.883165818393,174.396737311642,197.945695218628
"326","Scarlet fever","ARIMA + Fourier","2017-2019",2017-02-01,146.448450184978,73.5142764058299,95.9430625668065,207.594052433721,244.269730076869
"327","Scarlet fever","ARIMA + Fourier","2017-2019",2017-03-01,158.854749590969,68.6150516113637,95.6257405631116,238.044080564683,286.425106739688
"328","Scarlet fever","ARIMA + Fourier","2017-2019",2017-04-01,109.904396434505,30.1931779655895,52.1514427832502,188.937779346902,239.389827128906
"329","Scarlet fever","ARIMA + Fourier","2017-2019",2017-05-01,135.605103305976,36.813666559205,63.9681181603644,233.842625028017,296.614305334605
"330","Scarlet fever","ARIMA + Fourier","2017-2019",2017-06-01,174.075304190773,50.1813268987602,84.6165026777857,295.454749595474,372.630599821014
"331","Scarlet fever","ARIMA + Fourier","2017-2019",2017-07-01,168.485116423261,40.7140312721244,75.0830629975607,299.127921055961,383.361072968998
"332","Scarlet fever","ARIMA + Fourier","2017-2019",2017-08-01,163.939029550255,33.0485130778064,67.0891422709837,303.349775351813,394.377970473676
"333","Scarlet fever","ARIMA + Fourier","2017-2019",2017-09-01,139.041546755931,18.5635273561273,47.5918780132872,278.372181336146,371.511543663077
"334","Scarlet fever","ARIMA + Fourier","2017-2019",2017-10-01,113.278001918653,7.59217420771547,30.0922800955555,249.664796894608,343.399360193305
"335","Scarlet fever","ARIMA + Fourier","2017-2019",2017-11-01,101.487098913319,3.24454151342206,21.7601226024434,239.735255692337,336.608739933301
"336","Scarlet fever","ARIMA + Fourier","2017-2019",2017-12-01,88.01,0.548616325863923,13.9243069318933,225.936980851536,324.794020350593
"337","Scarlet fever","ARIMA + Fourier","2017-2019",2018-01-01,133.979897907375,6.66396498898224,32.4265684505689,304.694622462895,423.062020558596
"338","Scarlet fever","ARIMA + Fourier","2017-2019",2018-02-01,146.448450184978,7.66508886878807,35.9888249809544,331.389577803002,459.441554290367
"339","Scarlet fever","ARIMA + Fourier","2017-2019",2018-03-01,158.854749590969,8.6623527887997,39.5270097125164,357.984099198707,495.700442238709
"340","Scarlet fever","ARIMA + Fourier","2017-2019",2018-04-01,109.904396434505,0.256171722159901,15.6789183931385,289.251591520443,418.649470048792
"341","Scarlet fever","ARIMA + Fourier","2017-2019",2018-05-01,135.605103305976,1.85095036284454,24.2094586632023,337.442572308608,480.899658207422
"342","Scarlet fever","ARIMA + Fourier","2017-2019",2018-06-01,174.075304190773,6.81801991562218,39.36499210825,404.547547948439,565.316543480609
"343","Scarlet fever","ARIMA + Fourier","2017-2019",2018-07-01,168.485116423261,4.44183786964916,34.4681823775726,403.584089459379,568.95590304793
"344","Scarlet fever","ARIMA + Fourier","2017-2019",2018-08-01,163.939029550255,2.71854234303972,30.3596722109267,403.920533195299,574.030577884899
"345","Scarlet fever","ARIMA + Fourier","2017-2019",2018-09-01,139.041546755931,0.130353662646532,18.6413054194528,371.164041713409,539.267354033015
"346","Scarlet fever","ARIMA + Fourier","2017-2019",2018-10-01,113.278001918653,0.01,8.95984569750409,334.638519076088,499.198360004957
"347","Scarlet fever","ARIMA + Fourier","2017-2019",2018-11-01,101.487098913319,0.01,5.07257219050126,320.264093887708,485.609876309367
"348","Scarlet fever","ARIMA + Fourier","2017-2019",2018-12-01,88.01,0.01,1.93568835735747,301.7668872095,466.608760630915
"349","Scarlet fever","ARIMA + Fourier","2017-2019",2019-01-01,133.979897907375,0.01,11.697310615323,389.26516808157,578.244415027353
"350","Scarlet fever","ARIMA + Fourier","2017-2019",2019-02-01,146.448450184978,0.01,14.3281608229579,416.891529744427,616.048411805829
"351","Scarlet fever","ARIMA + Fourier","2017-2019",2019-03-01,158.854749590969,0.01,17.0486883449694,444.303708349683,653.557798544469
"352","Scarlet fever","ARIMA + Fourier","2017-2019",2019-04-01,109.904396434505,0.01,3.43458419900258,365.337213498008,560.855293620786
"353","Scarlet fever","ARIMA + Fourier","2017-2019",2019-05-01,135.605103305976,0.01,8.19066528036562,417.302653474873,628.878018967825
"354","Scarlet fever","ARIMA + Fourier","2017-2019",2019-06-01,174.075304190773,0.01,18.1525877376404,489.601240102477,721.237846811115
"355","Scarlet fever","ARIMA + Fourier","2017-2019",2019-07-01,168.485116423261,0.01,15.2048619745833,486.688697645797,721.896339683652
"356","Scarlet fever","ARIMA + Fourier","2017-2019",2019-08-01,163.939029550255,0.01,12.8001135139981,485.321379675656,724.365335848067
"357","Scarlet fever","ARIMA + Fourier","2017-2019",2019-09-01,139.041546755931,0.01,5.86799912061028,447.778635795681,682.282170627159
"358","Scarlet fever","ARIMA + Fourier","2017-2019",2019-10-01,113.278001918653,0.01,1.28396825565512,406.155684301366,634.417331904224
"359","Scarlet fever","ARIMA + Fourier","2017-2019",2019-11-01,101.487098913319,0.01,0.180751761431835,388.997202100206,616.571000438275
"360","Scarlet fever","ARIMA + Fourier","2017-2019",2019-12-01,88.01,0.01,0.01,367.38029321382,592.79871196045
"361","Scarlet fever","TBATS","2019",2019-01-01,230.770149096263,137.186854325772,164.245340021925,324.239695084283,388.192116425849
"362","Scarlet fever","TBATS","2019",2019-02-01,302.926307823517,159.990810704478,199.552986363922,459.849499311202,573.560012655857
"363","Scarlet fever","TBATS","2019",2019-03-01,302.822472306487,144.825818738904,186.950945725437,490.510705429599,633.184251641368
"364","Scarlet fever","TBATS","2019",2019-04-01,189.065613543995,82.8332898771077,110.220507209351,324.311714323315,431.539004978196
"365","Scarlet fever","TBATS","2019",2019-05-01,227.006427611289,91.888845242381,125.665530226795,410.071959275353,560.806911903104
"366","Scarlet fever","TBATS","2019",2019-06-01,334.144576408931,125.759702406823,176.375730396308,633.038216561878,887.824547342981
"367","Scarlet fever","TBATS","2019",2019-07-01,272.428517257863,95.8173514284481,137.569837353425,539.488038542807,774.570160442486
"368","Scarlet fever","TBATS","2019",2019-08-01,289.790033544447,95.6421108454147,140.37523881817,598.24114856867,878.04647212556
"369","Scarlet fever","TBATS","2019",2019-09-01,218.886208818036,68.0224138018332,101.938590549409,470.000220699848,704.343478272125
"370","Scarlet fever","TBATS","2019",2019-10-01,181.167743117186,53.1704953106944,81.2749310329617,403.835985052085,617.292149958499
"371","Scarlet fever","TBATS","2019",2019-11-01,157.534151873997,43.7731686130285,68.1894007606185,363.942211453599,566.945273124258
"372","Scarlet fever","TBATS","2019",2019-12-01,148.321211972443,39.1088103981416,62.0386302266185,354.604453071542,562.51173162976
"373","Scarlet fever","TBATS","2018-2019",2018-01-01,200.480957945542,119.149199399301,142.668314777125,281.681275190997,337.219780320715
"374","Scarlet fever","TBATS","2018-2019",2018-02-01,254.19097333754,134.921280864893,168.003774230036,384.513161413339,478.66236845006
"375","Scarlet fever","TBATS","2018-2019",2018-03-01,262.136218223567,125.499042652319,161.955855780619,424.165861097656,547.17848352635
"376","Scarlet fever","TBATS","2018-2019",2018-04-01,167.905829473367,73.6534926267052,97.9728913568376,287.655929138471,382.456452834065
"377","Scarlet fever","TBATS","2018-2019",2018-05-01,201.44362431073,81.653012409118,111.626783550444,363.375602847367,496.486105073404
"378","Scarlet fever","TBATS","2018-2019",2018-06-01,298.980960435114,112.783515674767,158.072022091586,565.221829607359,791.667712920378
"379","Scarlet fever","TBATS","2018-2019",2018-07-01,246.276211984181,86.8497293525258,124.598406402817,486.506739345373,697.439806753431
"380","Scarlet fever","TBATS","2018-2019",2018-08-01,260.071187295117,86.099077245687,126.254957982294,535.379886890699,784.413638457062
"381","Scarlet fever","TBATS","2018-2019",2018-09-01,199.895138342338,62.3463179679248,93.3324999683746,427.826067419641,639.855421048252
"382","Scarlet fever","TBATS","2018-2019",2018-10-01,169.512480621231,49.9308931144655,76.2426277160154,376.591566252728,574.447936397251
"383","Scarlet fever","TBATS","2018-2019",2018-11-01,143.966626431439,40.1901707660777,62.5208142450866,331.233369370165,514.695299968977
"384","Scarlet fever","TBATS","2018-2019",2018-12-01,133.352708234087,35.3273003874356,55.9625769753678,317.475687695125,502.305762456982
"385","Scarlet fever","TBATS","2018-2019",2019-01-01,200.480957945542,50.6728249066787,81.5893306670633,492.140303821159,791.369896841567
"386","Scarlet fever","TBATS","2018-2019",2019-02-01,254.19097333754,61.3372564486956,100.360010457368,643.141527056049,1050.83941498222
"387","Scarlet fever","TBATS","2018-2019",2019-03-01,262.136218223567,60.2361031299554,100.242431329509,684.727553576892,1137.79384175335
"388","Scarlet fever","TBATS","2018-2019",2019-04-01,167.905829473367,36.8360621878967,62.2932836059885,452.037713134896,763.22440416606
"389","Scarlet fever","TBATS","2018-2019",2019-05-01,201.44362431073,42.2851151580854,72.6106325366392,558.162627302077,956.846503293161
"390","Scarlet fever","TBATS","2018-2019",2019-06-01,298.980960435114,60.164801508181,104.835780219442,851.533127911717,1481.14427862733
"391","Scarlet fever","TBATS","2018-2019",2019-07-01,246.276211984181,47.5153297590225,84.0115367389831,720.940451160661,1272.30826077993
"392","Scarlet fever","TBATS","2018-2019",2019-08-01,260.071187295117,48.1751174341745,86.3885035705772,781.792616168028,1399.17441989255
"393","Scarlet fever","TBATS","2018-2019",2019-09-01,199.895138342338,35.5754948608089,64.6857617765682,616.777092661473,1119.15999831874
"394","Scarlet fever","TBATS","2018-2019",2019-10-01,169.512480621231,29.0046735941438,53.4621866084972,536.609521522999,986.965908283523
"395","Scarlet fever","TBATS","2018-2019",2019-11-01,143.966626431439,23.7201041232903,44.2979831134842,467.101494889122,870.368676486497
"396","Scarlet fever","TBATS","2018-2019",2019-12-01,133.352708234087,21.161533618089,40.0375887611775,443.380611641834,836.914525075249
"397","Scarlet fever","TBATS","2017-2019",2017-01-01,131.967513774194,79.0272588600438,94.4182356575173,184.134954034252,219.493529485365
"398","Scarlet fever","TBATS","2017-2019",2017-02-01,157.466999603526,83.5092307319894,104.083598641251,237.609444296342,295.11701643875
"399","Scarlet fever","TBATS","2017-2019",2017-03-01,163.834737251993,78.4207777419752,101.296581919181,264.052688494515,339.476763997605
"400","Scarlet fever","TBATS","2017-2019",2017-04-01,116.657140378204,51.3760118681104,68.3193386734249,198.330769190685,262.206822001143
"401","Scarlet fever","TBATS","2017-2019",2017-05-01,139.639547869801,57.107855739546,77.9304435475657,248.924011448772,337.345251143123
"402","Scarlet fever","TBATS","2017-2019",2017-06-01,187.621127980685,72.0946364817923,100.547163738711,348.040344490231,481.573842547346
"403","Scarlet fever","TBATS","2017-2019",2017-07-01,164.485562611772,59.1532869644874,84.4312122413116,318.290687693042,450.221559714596
"404","Scarlet fever","TBATS","2017-2019",2017-08-01,174.246932440353,59.1500190277519,86.1480059313738,349.799738463319,504.355474640073
"405","Scarlet fever","TBATS","2017-2019",2017-09-01,137.796872751702,44.0241208746456,65.4936758180707,287.501574370319,422.936820340863
"406","Scarlet fever","TBATS","2017-2019",2017-10-01,124.906686441637,37.7665406366106,57.2790805118882,269.885527260622,404.312698818398
"407","Scarlet fever","TBATS","2017-2019",2017-11-01,99.1356631275091,28.3650148736674,43.8601520909791,221.830053451565,338.420046375578
"408","Scarlet fever","TBATS","2017-2019",2017-12-01,90.2897693227827,24.5430941866036,38.6385707235111,208.701265351121,323.803097465624
"409","Scarlet fever","TBATS","2017-2019",2018-01-01,131.967513774194,34.6270694627645,55.1935518131606,311.93015177796,489.608924375456
"410","Scarlet fever","TBATS","2017-2019",2018-02-01,157.466999603526,39.3411642984484,63.795533611948,383.912424214156,612.352160435685
"411","Scarlet fever","TBATS","2017-2019",2018-03-01,163.834737251993,38.9378374843749,64.2583722225478,412.227704797254,668.345106172729
"412","Scarlet fever","TBATS","2017-2019",2018-04-01,116.657140378204,26.3591461705128,44.2789254732847,303.021896165554,499.460229021506
"413","Scarlet fever","TBATS","2017-2019",2018-05-01,139.639547869801,30.3175635681021,51.6476887225188,371.9493032437,621.095720986065
"414","Scarlet fever","TBATS","2017-2019",2018-06-01,187.621127980685,39.3977938690632,67.9084535910746,510.357399286454,861.520090222357
"415","Scarlet fever","TBATS","2017-2019",2018-07-01,164.485562611772,33.0547770997186,57.8624485720386,459.951420810253,787.593994811488
"416","Scarlet fever","TBATS","2017-2019",2018-08-01,174.246932440353,33.7431092756302,59.8420739371705,498.709087749959,864.281329097508
"417","Scarlet fever","TBATS","2017-2019",2018-09-01,137.796872751702,25.5272612730945,45.9835105876992,405.505020884203,712.917316056197
"418","Scarlet fever","TBATS","2017-2019",2018-10-01,124.906686441637,22.2412477517168,40.6265239131518,376.800873937559,670.984426545635
"419","Scarlet fever","TBATS","2017-2019",2018-11-01,99.1356631275091,16.9213233044484,31.3729027276162,307.079953788312,554.345778143347
"420","Scarlet fever","TBATS","2017-2019",2018-12-01,90.2897693227815,14.8320547412702,27.8731134144471,286.459985169548,523.547290931122
"421","Scarlet fever","TBATS","2017-2019",2019-01-01,131.967513774192,21.2289397980604,40.1902199484879,424.207420204901,780.548151782713
"422","Scarlet fever","TBATS","2017-2019",2019-02-01,157.466999603526,24.4758596881819,46.9016002830576,517.142933395963,962.114571918482
"423","Scarlet fever","TBATS","2017-2019",2019-03-01,163.834737251993,24.5305226829128,47.6306753877307,550.758286572482,1037.03583586286
"424","Scarlet fever","TBATS","2017-2019",2019-04-01,116.657140378204,16.7299392988157,32.9821041765735,402.837061492051,769.063591292408
"425","Scarlet fever","TBATS","2017-2019",2019-05-01,139.639547869801,19.4560049084413,38.7492108233903,490.943875290516,945.971551558226
"426","Scarlet fever","TBATS","2017-2019",2019-06-01,187.621127980685,25.5541195669718,51.3042351233747,669.026405224623,1298.50746149875
"427","Scarlet fever","TBATS","2017-2019",2019-07-01,164.485562611772,21.6008720130687,43.9294562957902,599.97635046368,1178.13041514358
"428","Scarlet fever","TBATS","2017-2019",2019-08-01,174.246932440353,22.2282369547881,45.6711428441474,647.143543882733,1282.56796763597
"429","Scarlet fever","TBATS","2017-2019",2019-09-01,137.796872751702,16.9140113156684,35.2286799926004,524.155469614623,1051.6482290669
"430","Scarlet fever","TBATS","2017-2019",2019-10-01,124.906686441637,14.8288688950685,31.2520284619404,485.052390465437,983.574063263517
"431","Scarlet fever","TBATS","2017-2019",2019-11-01,99.1356631275091,11.3386086685234,24.2134132378014,393.971821543796,808.402647520466
"432","Scarlet fever","TBATS","2017-2019",2019-12-01,90.2897693227815,9.99491392486082,21.5920929696645,366.148589991623,759.139406021886
"433","Scarlet fever","SARIMA","2019",2019-01-01,272.487265615685,184.625592055704,213.108538878324,339.15417847499,377.395762729872
"434","Scarlet fever","SARIMA","2019",2019-02-01,404.751670968315,265.132823817396,310.130252401878,511.952471909343,573.793272721356
"435","Scarlet fever","SARIMA","2019",2019-03-01,406.875171537788,249.290286963359,299.489634893177,530.681492333712,602.867720977735
"436","Scarlet fever","SARIMA","2019",2019-04-01,189.770113123814,81.648298499691,113.988574790568,284.761288321553,342.822625824297
"437","Scarlet fever","SARIMA","2019",2019-05-01,241.850027069992,111.687600971412,151.121000929277,353.813393379571,421.678864548866
"438","Scarlet fever","SARIMA","2019",2019-06-01,312.8231839742,157.099127528063,204.991238718487,443.359401054295,521.651772774643
"439","Scarlet fever","SARIMA","2019",2019-07-01,295.048171802047,141.713958835589,188.49639890972,425.371384474758,503.982987275836
"440","Scarlet fever","SARIMA","2019",2019-08-01,283.423381721769,131.729564512376,177.739138907269,413.653826093489,492.529943319242
"441","Scarlet fever","SARIMA","2019",2019-09-01,233.066180882488,96.9758732461182,137.435646462366,353.805391793985,427.88484296351
"442","Scarlet fever","SARIMA","2019",2019-10-01,156.954396629955,49.9196611637829,80.2141947687083,259.21162949353,323.672614082711
"443","Scarlet fever","SARIMA","2019",2019-11-01,178.590289025911,61.9269236586291,95.475795546342,287.518276179157,355.630552651582
"444","Scarlet fever","SARIMA","2019",2019-12-01,171.58710438484,57.4846970749673,90.0901638290005,279.1127671182,346.569822224339
"445","Scarlet fever","SARIMA","2018-2019",2018-01-01,204.245422855824,129.795267580379,153.663425848792,262.012051264455,295.500190658427
"446","Scarlet fever","SARIMA","2018-2019",2018-02-01,251.54152810346,143.593252125377,177.555978803217,338.380009150235,389.55238151459
"447","Scarlet fever","SARIMA","2018-2019",2018-03-01,281.431882374098,154.964332748789,194.50080824218,384.375968296638,445.353330952985
"448","Scarlet fever","SARIMA","2018-2019",2018-04-01,155.593082606506,59.8835118450297,87.9371471854137,242.422109862308,296.147873842089
"449","Scarlet fever","SARIMA","2018-2019",2018-05-01,163.392295106036,58.8579849202299,89.1297500622105,259.988012028661,320.16314728648
"450","Scarlet fever","SARIMA","2018-2019",2018-06-01,220.485906032486,88.1449518820412,127.205151115854,339.259912872006,412.454723698097
"451","Scarlet fever","SARIMA","2018-2019",2018-07-01,240.878204167977,94.7021771376833,137.714758672804,372.694981630126,454.073416233966
"452","Scarlet fever","SARIMA","2018-2019",2018-08-01,243.487821403512,90.3352425290862,134.92623118879,383.862823629299,471.050906834163
"453","Scarlet fever","SARIMA","2018-2019",2018-09-01,225.81426702969,74.5068573729626,117.622745453809,368.979280660725,458.923504763172
"454","Scarlet fever","SARIMA","2018-2019",2018-10-01,167.736630186298,39.353678166586,73.6981831041744,299.908649367663,385.312731803293
"455","Scarlet fever","SARIMA","2018-2019",2018-11-01,168.868816539551,36.5503916502792,71.4206793990608,307.610605823372,397.771712546637
"456","Scarlet fever","SARIMA","2018-2019",2018-12-01,165.325079649631,31.8955754931859,66.3140241626034,308.789867324079,402.73037644442
"457","Scarlet fever","SARIMA","2018-2019",2019-01-01,232.653944311563,56.4719712181427,103.902375479951,412.6075806501,528.595840628282
"458","Scarlet fever","SARIMA","2018-2019",2019-02-01,330.822899908686,99.7892829298558,164.543422074255,554.584941171063,696.306309991637
"459","Scarlet fever","SARIMA","2018-2019",2019-03-01,346.140486878414,100.601052871887,168.949624562455,586.203511082316,738.73580450848
"460","Scarlet fever","SARIMA","2018-2019",2019-04-01,206.428733539448,29.5154154482271,72.6835359786878,408.435691448147,543.004025773624
"461","Scarlet fever","SARIMA","2018-2019",2019-05-01,212.404337768148,28.0185586502953,72.3466200240287,426.113414320203,569.058181548373
"462","Scarlet fever","SARIMA","2018-2019",2019-06-01,274.51567760228,48.3594282672075,105.719176886317,522.353135586176,685.546082119142
"463","Scarlet fever","SARIMA","2018-2019",2019-07-01,267.118393055358,41.0490151462588,96.9521539701524,521.715187868494,690.668016665665
"464","Scarlet fever","SARIMA","2018-2019",2019-08-01,263.065910698932,35.6438825456936,90.5886806171294,525.363294968661,700.574275072794
"465","Scarlet fever","SARIMA","2018-2019",2019-09-01,238.627478832521,23.9659243562159,73.0673334730846,499.397376839881,675.981460048868
"466","Scarlet fever","SARIMA","2018-2019",2019-10-01,194.091218587159,9.51746040102765,46.7778852291872,442.00390305305,613.963494032749
"467","Scarlet fever","SARIMA","2018-2019",2019-11-01,190.878810944869,7.19582179858929,42.7213796139732,445.025191843682,622.466407870026
"468","Scarlet fever","SARIMA","2018-2019",2019-12-01,201.715994750671,7.78258823290022,45.4296352152226,469.380902314033,656.160099566736
"469","Scarlet fever","SARIMA","2017-2019",2017-01-01,138.892055785636,82.632457668263,100.462063934029,183.532539555758,209.677786763555
"470","Scarlet fever","SARIMA","2017-2019",2017-02-01,167.096200818719,88.1030925726689,112.608769333595,232.300616072447,271.155975623493
"471","Scarlet fever","SARIMA","2017-2019",2017-03-01,168.808537392142,79.5719696822142,106.706542396726,245.09098708075,291.212714302585
"472","Scarlet fever","SARIMA","2017-2019",2017-04-01,117.283304550808,40.6094593102305,62.6526716203003,188.901364268576,233.690172828562
"473","Scarlet fever","SARIMA","2017-2019",2017-05-01,147.763959922272,54.7042631659924,81.7883896801457,233.110194574487,286.130992797796
"474","Scarlet fever","SARIMA","2017-2019",2017-06-01,175.033453875062,67.5459347095076,99.0672003470928,272.474153156867,332.748983352786
"475","Scarlet fever","SARIMA","2017-2019",2017-07-01,192.993380071366,75.0304072410077,109.670411581734,299.7069809871,365.666259745142
"476","Scarlet fever","SARIMA","2017-2019",2017-08-01,196.07260763722,73.5499276116366,109.294825238692,308.029500822364,377.488385568045
"477","Scarlet fever","SARIMA","2017-2019",2017-09-01,181.798729504575,62.0400543848802,96.3781127234774,294.099051095156,364.428135065249
"478","Scarlet fever","SARIMA","2017-2019",2017-10-01,141.311422196134,37.3596414771106,65.7923968075961,245.349772830155,311.968950711717
"479","Scarlet fever","SARIMA","2017-2019",2017-11-01,148.761879859612,39.2139274808102,69.1609979676332,258.479148084471,328.751052497756
"480","Scarlet fever","SARIMA","2017-2019",2017-12-01,120.322062118596,23.8337944977807,48.8456301937725,223.482103512113,290.917232490838
"481","Scarlet fever","SARIMA","2017-2019",2018-01-01,158.101090090275,37.8519764448888,70.1419392471078,281.319195902596,360.819720019717
"482","Scarlet fever","SARIMA","2017-2019",2018-02-01,171.044420752019,40.600596589649,75.5722020405462,304.976033153336,391.443480313572
"483","Scarlet fever","SARIMA","2017-2019",2018-03-01,193.46729895914,48.3093804963311,87.5939779515428,340.747200238278,435.473823654273
"484","Scarlet fever","SARIMA","2017-2019",2018-04-01,125.885534612194,16.2554133639361,42.5083739550733,253.443215684728,338.852415302826
"485","Scarlet fever","SARIMA","2017-2019",2018-05-01,138.996989870282,19.2620308319233,48.3100860106185,276.518692002838,368.276975475815
"486","Scarlet fever","SARIMA","2017-2019",2018-06-01,172.157857725946,30.4662607918414,66.4337697837598,327.287772828041,429.408031794734
"487","Scarlet fever","SARIMA","2017-2019",2018-07-01,203.994390160265,42.1264184475125,84.4125807572766,375.494830945903,487.298304033048
"488","Scarlet fever","SARIMA","2017-2019",2018-08-01,210.43832900088,42.653665051042,86.3335238283053,388.933689178896,505.440681780243
"489","Scarlet fever","SARIMA","2017-2019",2018-09-01,202.700003907743,37.0223992329531,79.3262706304711,382.907432246206,501.309720281032
"490","Scarlet fever","SARIMA","2017-2019",2018-10-01,153.856987935198,16.6405004567484,48.4516937608722,318.518810144639,429.67251239599
"491","Scarlet fever","SARIMA","2017-2019",2018-11-01,159.357313542415,17.0697449672344,49.9987300801349,330.380910465898,445.87728594931
"492","Scarlet fever","SARIMA","2017-2019",2018-12-01,140.416802580729,10.2020626322391,38.3174157284699,306.579540894411,420.473578720619
"493","Scarlet fever","SARIMA","2017-2019",2019-01-01,175.682687500272,16.86066933094,52.8927977163325,370.036227340547,501.889689394465
"494","Scarlet fever","SARIMA","2017-2019",2019-02-01,191.951545748805,18.4596412104503,57.8344090119273,404.187786444142,548.161421413476
"495","Scarlet fever","SARIMA","2017-2019",2019-03-01,198.743683659299,17.5030616423072,57.991936494554,423.538566202158,576.558388138234
"496","Scarlet fever","SARIMA","2017-2019",2019-04-01,156.503790066649,5.18543059824588,33.862538445053,368.683863394253,517.250458490856
"497","Scarlet fever","SARIMA","2017-2019",2019-05-01,174.323085697997,7.16691575233262,39.9492387153735,403.437457766511,563.074174811463
"498","Scarlet fever","SARIMA","2017-2019",2019-06-01,195.731777018546,10.1779619543866,48.0054264609924,443.196801278761,614.571013680356
"499","Scarlet fever","SARIMA","2017-2019",2019-07-01,212.120295977087,12.2809622638428,53.7677676735019,475.067776099024,656.603723361284
"500","Scarlet fever","SARIMA","2017-2019",2019-08-01,215.146177925375,11.284418083515,52.9044455277194,486.739783464241,674.77831129647
"501","Scarlet fever","SARIMA","2017-2019",2019-09-01,206.914016388429,8.04322238452097,46.695102345224,481.171897399204,672.518139601229
"502","Scarlet fever","SARIMA","2017-2019",2019-10-01,175.62655066398,2.16523670412223,30.7944259597142,439.135537254148,626.669074912182
"503","Scarlet fever","SARIMA","2017-2019",2019-11-01,180.543282852899,2.04316884573599,31.1980790956104,453.168515819076,647.391261543958
"504","Scarlet fever","SARIMA","2017-2019",2019-12-01,162.080190909216,0.252893293424821,22.4248676388322,429.594165909521,622.964598133695
